[
{
    "fields": {
        "kind": "t",
        "updated": "2014-10-01T19:31:49Z",
        "name": "Training #1: Acquire a new skill: Disease Marking",
        "completions": null,
        "created": "2014-10-01T18:40:37Z",
        "meta_url": "/training/intro/1/step/1/",
        "provides_qualification": 1,
        "points": 1000,
        "requires_qualification": 0
    },
    "model": "common.task",
    "pk": 1
},
{
    "fields": {
        "kind": "t",
        "updated": "2014-10-01T19:31:46Z",
        "name": "Training #2: Avoiding Common Pitfalls",
        "completions": null,
        "created": "2014-10-01T18:41:16Z",
        "meta_url": "/training/intro/2/step/1/",
        "provides_qualification": 2,
        "points": 1000,
        "requires_qualification": 1
    },
    "model": "common.task",
    "pk": 2
},
{
    "fields": {
        "kind": "t",
        "updated": "2014-10-01T19:31:46Z",
        "name": "Training #3: About Feedback and Scoring",
        "completions": null,
        "created": "2014-10-01T18:41:16Z",
        "meta_url": "/training/intro/3/",
        "provides_qualification": 3,
        "points": 1000,
        "requires_qualification": 2
    },
    "model": "common.task",
    "pk": 3
},
{
    "fields": {
        "kind": "q",
        "updated": "2014-10-01T19:33:43Z",
        "name": "1",
        "completions": null,
        "created": "2014-10-01T19:33:43Z",
        "meta_url": "",
        "provides_qualification": 4,
        "points": 5000,
        "requires_qualification": 3
    },
    "model": "common.task",
    "pk": 4
},
{
    "fields": {
        "kind": "q",
        "updated": "2014-10-01T19:33:54Z",
        "name": "2",
        "completions": 10,
        "created": "2014-10-01T19:33:54Z",
        "meta_url": "",
        "provides_qualification": 4,
        "points": 5000,
        "requires_qualification": 4
    },
    "model": "common.task",
    "pk": 5
},
{
    "fields": {
        "kind": "q",
        "updated": "2014-10-01T19:33:59Z",
        "name": "3",
        "completions": 10,
        "created": "2014-10-01T19:33:59Z",
        "meta_url": "",
        "provides_qualification": 4,
        "points": 5000,
        "requires_qualification": 4
    },
    "model": "common.task",
    "pk": 6
},
{
    "fields": {
        "kind": "q",
        "updated": "2014-10-01T19:34:06Z",
        "name": "4",
        "completions": 10,
        "created": "2014-10-01T19:34:06Z",
        "meta_url": "",
        "provides_qualification": 4,
        "points": 5000,
        "requires_qualification": 4
    },
    "model": "common.task",
    "pk": 7
},
{
    "fields": {
        "kind": "q",
        "updated": "2014-10-01T19:37:40Z",
        "name": "5",
        "completions": 10,
        "created": "2014-10-01T19:37:40Z",
        "meta_url": "",
        "provides_qualification": 4,
        "points": 5000,
        "requires_qualification": 4
    },
    "model": "common.task",
    "pk": 8
},
{
    "fields": {
        "kind": "q",
        "updated": "2014-10-01T19:37:46Z",
        "name": "6",
        "completions": 10,
        "created": "2014-10-01T19:37:46Z",
        "meta_url": "",
        "provides_qualification": 4,
        "points": 5000,
        "requires_qualification": 4
    },
    "model": "common.task",
    "pk": 9
},
{
    "fields": {
        "kind": "q",
        "updated": "2014-10-01T19:37:46Z",
        "name": "7",
        "completions": 10,
        "created": "2014-10-01T19:37:46Z",
        "meta_url": "",
        "provides_qualification": 4,
        "points": 5000,
        "requires_qualification": 4
    },
    "model": "common.task",
    "pk": 10
},
{
    "fields": {
        "kind": "q",
        "updated": "2014-10-01T19:37:46Z",
        "name": "8",
        "completions": 10,
        "created": "2014-10-01T19:37:46Z",
        "meta_url": "",
        "provides_qualification": 4,
        "points": 5000,
        "requires_qualification": 4
    },
    "model": "common.task",
    "pk": 11
},
{
    "fields": {
        "kind": "q",
        "updated": "2014-10-01T19:37:46Z",
        "name": "9",
        "completions": 10,
        "created": "2014-10-01T19:37:46Z",
        "meta_url": "",
        "provides_qualification": 4,
        "points": 5000,
        "requires_qualification": 4
    },
    "model": "common.task",
    "pk": 12
},
{
    "fields": {
        "kind": "q",
        "updated": "2014-10-01T19:37:46Z",
        "name": "10",
        "completions": 10,
        "created": "2014-10-01T19:37:46Z",
        "meta_url": "",
        "provides_qualification": 4,
        "points": 5000,
        "requires_qualification": 4
    },
    "model": "common.task",
    "pk": 13
},
{
    "fields": {
        "kind": "q",
        "updated": "2014-10-01T19:37:46Z",
        "name": "11",
        "completions": 10,
        "created": "2014-10-01T19:37:46Z",
        "meta_url": "",
        "provides_qualification": 4,
        "points": 5000,
        "requires_qualification": 4
    },
    "model": "common.task",
    "pk": 14
},
{
    "fields": {
        "kind": "q",
        "updated": "2014-10-01T19:37:46Z",
        "name": "12",
        "completions": 10,
        "created": "2014-10-01T19:37:46Z",
        "meta_url": "",
        "provides_qualification": 4,
        "points": 5000,
        "requires_qualification": 4
    },
    "model": "common.task",
    "pk": 15
},
{
    "fields": {
        "kind": "q",
        "updated": "2014-10-01T19:37:46Z",
        "name": "13",
        "completions": 10,
        "created": "2014-10-01T19:37:46Z",
        "meta_url": "",
        "provides_qualification": 4,
        "points": 5000,
        "requires_qualification": 4
    },
    "model": "common.task",
    "pk": 16
},
{
    "fields": {
        "updated": "2014-11-19T17:54:57Z",
        "task": 1,
        "created": "2014-11-19T17:54:57Z",
        "completed": true,
        "views": [],
        "score": 5,
        "user": 3
    },
    "model": "common.userquestrelationship",
    "pk": 1
},
{
    "fields": {
        "updated": "2014-11-19T17:55:11Z",
        "task": 1,
        "created": "2014-11-19T17:55:11Z",
        "completed": true,
        "views": [],
        "score": 5,
        "user": 3
    },
    "model": "common.userquestrelationship",
    "pk": 2
},
{
    "fields": {
        "updated": "2014-11-19T17:55:11Z",
        "task": 2,
        "created": "2014-11-19T17:55:11Z",
        "completed": true,
        "views": [],
        "score": 5,
        "user": 3
    },
    "model": "common.userquestrelationship",
    "pk": 3
},
{
    "fields": {
        "updated": "2014-11-19T17:55:11Z",
        "task": 3,
        "created": "2014-11-19T17:55:11Z",
        "completed": true,
        "views": [],
        "score": 5,
        "user": 3
    },
    "model": "common.userquestrelationship",
    "pk": 4
},
{
    "fields": {
        "updated": "2014-11-19T18:00:19Z",
        "task": 4,
        "created": "2014-11-19T17:55:23Z",
        "completed": true,
        "views": [
            1,
            2,
            3,
            4,
            5,
            6
        ],
        "score": 5,
        "user": 3
    },
    "model": "common.userquestrelationship",
    "pk": 5
},
{
    "fields": {
        "updated": "2014-11-19T18:03:12Z",
        "task": 5,
        "created": "2014-11-19T18:00:20Z",
        "completed": true,
        "views": [
            7,
            8,
            9,
            10,
            11,
            12,
            13,
            14,
            15,
            16
        ],
        "score": 5,
        "user": 3
    },
    "model": "common.userquestrelationship",
    "pk": 6
},
{
    "fields": {
        "updated": "2014-11-19T18:03:15Z",
        "task": 6,
        "created": "2014-11-19T18:03:15Z",
        "completed": false,
        "views": [
            17,
            18,
            19,
            20,
            21,
            22,
            23,
            24
        ],
        "score": 5,
        "user": 3
    },
    "model": "common.userquestrelationship",
    "pk": 7
},
{
    "fields": {
        "updated": "2014-11-19T19:13:35Z",
        "task": 1,
        "created": "2014-11-19T19:13:35Z",
        "completed": true,
        "views": [],
        "score": 5,
        "user": 4
    },
    "model": "common.userquestrelationship",
    "pk": 8
},
{
    "fields": {
        "updated": "2014-11-19T20:04:55Z",
        "task": 2,
        "created": "2014-11-19T20:04:55Z",
        "completed": true,
        "views": [],
        "score": 5,
        "user": 4
    },
    "model": "common.userquestrelationship",
    "pk": 9
},
{
    "fields": {
        "updated": "2014-11-19T20:07:52Z",
        "task": 2,
        "created": "2014-11-19T20:07:52Z",
        "completed": true,
        "views": [],
        "score": 5,
        "user": 4
    },
    "model": "common.userquestrelationship",
    "pk": 10
},
{
    "fields": {
        "updated": "2014-11-19T20:09:18Z",
        "task": 3,
        "created": "2014-11-19T20:09:18Z",
        "completed": true,
        "views": [],
        "score": 5,
        "user": 4
    },
    "model": "common.userquestrelationship",
    "pk": 11
},
{
    "fields": {
        "updated": "2014-11-19T20:21:16Z",
        "task": 4,
        "created": "2014-11-19T20:11:50Z",
        "completed": true,
        "views": [
            25,
            26,
            27,
            28,
            29,
            30
        ],
        "score": 5,
        "user": 4
    },
    "model": "common.userquestrelationship",
    "pk": 12
},
{
    "fields": {
        "updated": "2014-11-19T20:28:18Z",
        "task": 5,
        "created": "2014-11-19T20:21:29Z",
        "completed": true,
        "views": [
            31,
            32,
            33,
            34,
            35,
            36,
            37,
            38,
            39,
            40
        ],
        "score": 5,
        "user": 4
    },
    "model": "common.userquestrelationship",
    "pk": 13
},
{
    "fields": {
        "updated": "2014-11-19T20:30:28Z",
        "task": 6,
        "created": "2014-11-19T20:29:48Z",
        "completed": true,
        "views": [
            41,
            42,
            43,
            44,
            45,
            46,
            47,
            48
        ],
        "score": 5,
        "user": 4
    },
    "model": "common.userquestrelationship",
    "pk": 14
},
{
    "fields": {
        "updated": "2014-11-19T20:38:55Z",
        "task": 7,
        "created": "2014-11-19T20:38:55Z",
        "completed": false,
        "views": [
            49,
            50,
            51,
            52,
            53,
            54,
            55,
            56,
            57,
            58,
            59,
            60,
            61,
            62,
            63,
            64,
            65,
            66
        ],
        "score": 5,
        "user": 4
    },
    "model": "common.userquestrelationship",
    "pk": 15
},
{
    "fields": {
        "updated": "2014-11-19T20:39:15Z",
        "task": 1,
        "created": "2014-11-19T20:39:15Z",
        "completed": true,
        "views": [],
        "score": 5,
        "user": 5
    },
    "model": "common.userquestrelationship",
    "pk": 16
},
{
    "fields": {
        "updated": "2014-11-19T20:39:31Z",
        "task": 2,
        "created": "2014-11-19T20:39:31Z",
        "completed": true,
        "views": [],
        "score": 5,
        "user": 5
    },
    "model": "common.userquestrelationship",
    "pk": 18
},
{
    "fields": {
        "updated": "2014-11-19T20:39:31Z",
        "task": 3,
        "created": "2014-11-19T20:39:31Z",
        "completed": true,
        "views": [],
        "score": 5,
        "user": 5
    },
    "model": "common.userquestrelationship",
    "pk": 19
},
{
    "fields": {
        "updated": "2014-11-19T20:43:10Z",
        "task": 4,
        "created": "2014-11-19T20:39:36Z",
        "completed": true,
        "views": [
            67,
            68,
            69,
            70,
            71,
            72
        ],
        "score": 5,
        "user": 5
    },
    "model": "common.userquestrelationship",
    "pk": 20
},
{
    "fields": {
        "updated": "2014-11-19T20:46:00Z",
        "task": 5,
        "created": "2014-11-19T20:43:15Z",
        "completed": true,
        "views": [
            73,
            74,
            75,
            76,
            77,
            78,
            79,
            80,
            81,
            82
        ],
        "score": 5,
        "user": 5
    },
    "model": "common.userquestrelationship",
    "pk": 21
},
{
    "fields": {
        "updated": "2014-11-19T21:02:22Z",
        "task": 5,
        "created": "2014-11-19T21:02:22Z",
        "completed": false,
        "views": [],
        "score": 5,
        "user": 5
    },
    "model": "common.userquestrelationship",
    "pk": 22
},
{
    "fields": {
        "updated": "2014-11-19T21:24:12Z",
        "task": 6,
        "created": "2014-11-19T21:23:44Z",
        "completed": true,
        "views": [
            83,
            84,
            85,
            86,
            87,
            88,
            89,
            90
        ],
        "score": 5,
        "user": 5
    },
    "model": "common.userquestrelationship",
    "pk": 23
},
{
    "fields": {
        "updated": "2014-11-19T21:26:14Z",
        "task": 1,
        "created": "2014-11-19T21:26:14Z",
        "completed": true,
        "views": [],
        "score": 5,
        "user": 6
    },
    "model": "common.userquestrelationship",
    "pk": 24
},
{
    "fields": {
        "updated": "2014-11-19T21:26:22Z",
        "task": 1,
        "created": "2014-11-19T21:26:22Z",
        "completed": true,
        "views": [],
        "score": 5,
        "user": 6
    },
    "model": "common.userquestrelationship",
    "pk": 25
},
{
    "fields": {
        "updated": "2014-11-19T21:26:22Z",
        "task": 2,
        "created": "2014-11-19T21:26:22Z",
        "completed": true,
        "views": [],
        "score": 5,
        "user": 6
    },
    "model": "common.userquestrelationship",
    "pk": 26
},
{
    "fields": {
        "updated": "2014-11-19T21:26:22Z",
        "task": 3,
        "created": "2014-11-19T21:26:22Z",
        "completed": true,
        "views": [],
        "score": 5,
        "user": 6
    },
    "model": "common.userquestrelationship",
    "pk": 27
},
{
    "fields": {
        "updated": "2014-11-19T21:26:54Z",
        "task": 4,
        "created": "2014-11-19T21:26:27Z",
        "completed": true,
        "views": [
            91,
            92,
            93,
            94,
            95,
            96
        ],
        "score": 5,
        "user": 6
    },
    "model": "common.userquestrelationship",
    "pk": 28
},
{
    "fields": {
        "updated": "2014-11-19T21:36:32Z",
        "task": 5,
        "created": "2014-11-19T21:28:17Z",
        "completed": true,
        "views": [
            97,
            98,
            99,
            100,
            101,
            102,
            103,
            104,
            105,
            106
        ],
        "score": 5,
        "user": 6
    },
    "model": "common.userquestrelationship",
    "pk": 29
},
{
    "fields": {
        "updated": "2014-11-19T21:36:53Z",
        "task": 5,
        "created": "2014-11-19T21:36:47Z",
        "completed": false,
        "views": [],
        "score": 5,
        "user": 6
    },
    "model": "common.userquestrelationship",
    "pk": 30
},
{
    "fields": {
        "updated": "2014-11-19T21:46:55Z",
        "task": 6,
        "created": "2014-11-19T21:37:21Z",
        "completed": true,
        "views": [
            107,
            108,
            109,
            110,
            111,
            112,
            113,
            114
        ],
        "score": 5,
        "user": 6
    },
    "model": "common.userquestrelationship",
    "pk": 31
},
{
    "fields": {
        "updated": "2014-11-19T21:51:36Z",
        "task": 7,
        "created": "2014-11-19T21:46:58Z",
        "completed": true,
        "views": [
            115,
            116,
            117,
            118,
            119,
            120,
            121,
            122,
            123,
            124,
            125,
            126,
            127,
            128,
            129,
            130,
            131,
            132
        ],
        "score": 5,
        "user": 6
    },
    "model": "common.userquestrelationship",
    "pk": 32
},
{
    "fields": {
        "updated": "2014-11-19T21:54:20Z",
        "task": 1,
        "created": "2014-11-19T21:54:20Z",
        "completed": true,
        "views": [],
        "score": 5,
        "user": 7
    },
    "model": "common.userquestrelationship",
    "pk": 33
},
{
    "fields": {
        "updated": "2014-11-19T21:54:27Z",
        "task": 1,
        "created": "2014-11-19T21:54:27Z",
        "completed": true,
        "views": [],
        "score": 5,
        "user": 7
    },
    "model": "common.userquestrelationship",
    "pk": 34
},
{
    "fields": {
        "updated": "2014-11-19T21:54:27Z",
        "task": 2,
        "created": "2014-11-19T21:54:27Z",
        "completed": true,
        "views": [],
        "score": 5,
        "user": 7
    },
    "model": "common.userquestrelationship",
    "pk": 35
},
{
    "fields": {
        "updated": "2014-11-19T21:54:28Z",
        "task": 3,
        "created": "2014-11-19T21:54:28Z",
        "completed": true,
        "views": [],
        "score": 5,
        "user": 7
    },
    "model": "common.userquestrelationship",
    "pk": 36
},
{
    "fields": {
        "updated": "2014-11-19T22:21:26Z",
        "task": 4,
        "created": "2014-11-19T21:55:22Z",
        "completed": true,
        "views": [
            133,
            134,
            135,
            136,
            137,
            138
        ],
        "score": 5,
        "user": 7
    },
    "model": "common.userquestrelationship",
    "pk": 37
},
{
    "fields": {
        "updated": "2014-11-19T22:12:40Z",
        "task": 5,
        "created": "2014-11-19T22:01:44Z",
        "completed": true,
        "views": [
            139,
            140,
            141,
            142,
            143,
            144,
            145,
            146,
            147,
            148
        ],
        "score": 5,
        "user": 7
    },
    "model": "common.userquestrelationship",
    "pk": 38
},
{
    "fields": {
        "updated": "2014-11-19T22:33:34Z",
        "task": 1,
        "created": "2014-11-19T22:33:34Z",
        "completed": true,
        "views": [],
        "score": 5,
        "user": 8
    },
    "model": "common.userquestrelationship",
    "pk": 39
},
{
    "fields": {
        "updated": "2014-11-19T22:53:04Z",
        "task": 2,
        "created": "2014-11-19T22:53:04Z",
        "completed": true,
        "views": [],
        "score": 5,
        "user": 8
    },
    "model": "common.userquestrelationship",
    "pk": 40
},
{
    "fields": {
        "updated": "2014-11-19T22:53:51Z",
        "task": 3,
        "created": "2014-11-19T22:53:51Z",
        "completed": true,
        "views": [],
        "score": 5,
        "user": 8
    },
    "model": "common.userquestrelationship",
    "pk": 41
},
{
    "fields": {
        "updated": "2014-11-19T23:00:24Z",
        "task": 4,
        "created": "2014-11-19T22:56:40Z",
        "completed": true,
        "views": [
            149,
            150,
            151,
            152,
            153,
            154
        ],
        "score": 5,
        "user": 8
    },
    "model": "common.userquestrelationship",
    "pk": 42
},
{
    "fields": {
        "updated": "2014-11-20T04:03:44Z",
        "task": 4,
        "created": "2014-11-19T23:35:03Z",
        "completed": false,
        "views": [],
        "score": 5,
        "user": 8
    },
    "model": "common.userquestrelationship",
    "pk": 43
},
{
    "fields": {
        "updated": "2014-11-25T23:11:26Z",
        "task": 1,
        "created": "2014-11-25T23:11:26Z",
        "completed": true,
        "views": [],
        "score": 5,
        "user": 9
    },
    "model": "common.userquestrelationship",
    "pk": 44
},
{
    "fields": {
        "updated": "2014-11-25T23:59:08Z",
        "task": 2,
        "created": "2014-11-25T23:59:08Z",
        "completed": true,
        "views": [],
        "score": 5,
        "user": 9
    },
    "model": "common.userquestrelationship",
    "pk": 45
},
{
    "fields": {
        "updated": "2014-11-26T00:00:52Z",
        "task": 2,
        "created": "2014-11-26T00:00:52Z",
        "completed": true,
        "views": [],
        "score": 5,
        "user": 9
    },
    "model": "common.userquestrelationship",
    "pk": 46
},
{
    "fields": {
        "updated": "2014-11-26T00:01:26Z",
        "task": 2,
        "created": "2014-11-26T00:01:26Z",
        "completed": true,
        "views": [],
        "score": 5,
        "user": 9
    },
    "model": "common.userquestrelationship",
    "pk": 47
},
{
    "fields": {
        "updated": "2014-11-26T00:01:28Z",
        "task": 2,
        "created": "2014-11-26T00:01:28Z",
        "completed": true,
        "views": [],
        "score": 5,
        "user": 9
    },
    "model": "common.userquestrelationship",
    "pk": 48
},
{
    "fields": {
        "updated": "2014-11-26T00:01:33Z",
        "task": 2,
        "created": "2014-11-26T00:01:33Z",
        "completed": true,
        "views": [],
        "score": 5,
        "user": 9
    },
    "model": "common.userquestrelationship",
    "pk": 49
},
{
    "fields": {
        "updated": "2014-11-26T00:03:37Z",
        "task": 3,
        "created": "2014-11-26T00:03:37Z",
        "completed": true,
        "views": [],
        "score": 5,
        "user": 9
    },
    "model": "common.userquestrelationship",
    "pk": 50
},
{
    "fields": {
        "updated": "2014-11-26T00:21:18Z",
        "task": 4,
        "created": "2014-11-26T00:06:02Z",
        "completed": true,
        "views": [
            155,
            156,
            157,
            158,
            159,
            160
        ],
        "score": 5,
        "user": 9
    },
    "model": "common.userquestrelationship",
    "pk": 51
},
{
    "fields": {
        "updated": "2014-11-19T17:54:08Z",
        "task": 3,
        "created": "2014-11-19T17:54:08Z",
        "document": 22,
        "points": 0
    },
    "model": "common.documentquestrelationship",
    "pk": 1
},
{
    "fields": {
        "updated": "2014-11-19T17:54:08Z",
        "task": 3,
        "created": "2014-11-19T17:54:08Z",
        "document": 60,
        "points": 0
    },
    "model": "common.documentquestrelationship",
    "pk": 2
},
{
    "fields": {
        "updated": "2014-11-19T17:54:08Z",
        "task": 3,
        "created": "2014-11-19T17:54:08Z",
        "document": 47,
        "points": 0
    },
    "model": "common.documentquestrelationship",
    "pk": 3
},
{
    "fields": {
        "updated": "2014-11-19T17:54:08Z",
        "task": 3,
        "created": "2014-11-19T17:54:08Z",
        "document": 10,
        "points": 0
    },
    "model": "common.documentquestrelationship",
    "pk": 4
},
{
    "fields": {
        "updated": "2014-11-19T17:54:08Z",
        "task": 3,
        "created": "2014-11-19T17:54:08Z",
        "document": 16,
        "points": 0
    },
    "model": "common.documentquestrelationship",
    "pk": 5
},
{
    "fields": {
        "updated": "2014-11-19T17:54:08Z",
        "task": 3,
        "created": "2014-11-19T17:54:08Z",
        "document": 11,
        "points": 0
    },
    "model": "common.documentquestrelationship",
    "pk": 6
},
{
    "fields": {
        "updated": "2014-11-19T17:54:08Z",
        "task": 4,
        "created": "2014-11-19T17:54:08Z",
        "document": 38,
        "points": 0
    },
    "model": "common.documentquestrelationship",
    "pk": 7
},
{
    "fields": {
        "updated": "2014-11-19T17:54:08Z",
        "task": 4,
        "created": "2014-11-19T17:54:08Z",
        "document": 88,
        "points": 0
    },
    "model": "common.documentquestrelationship",
    "pk": 8
},
{
    "fields": {
        "updated": "2014-11-19T17:54:08Z",
        "task": 4,
        "created": "2014-11-19T17:54:08Z",
        "document": 28,
        "points": 0
    },
    "model": "common.documentquestrelationship",
    "pk": 9
},
{
    "fields": {
        "updated": "2014-11-19T17:54:08Z",
        "task": 5,
        "created": "2014-11-19T17:54:08Z",
        "document": 34,
        "points": 0
    },
    "model": "common.documentquestrelationship",
    "pk": 10
},
{
    "fields": {
        "updated": "2014-11-19T17:54:08Z",
        "task": 5,
        "created": "2014-11-19T17:54:08Z",
        "document": 44,
        "points": 0
    },
    "model": "common.documentquestrelationship",
    "pk": 11
},
{
    "fields": {
        "updated": "2014-11-19T17:54:08Z",
        "task": 5,
        "created": "2014-11-19T17:54:08Z",
        "document": 8,
        "points": 0
    },
    "model": "common.documentquestrelationship",
    "pk": 12
},
{
    "fields": {
        "updated": "2014-11-19T17:54:08Z",
        "task": 5,
        "created": "2014-11-19T17:54:08Z",
        "document": 25,
        "points": 0
    },
    "model": "common.documentquestrelationship",
    "pk": 13
},
{
    "fields": {
        "updated": "2014-11-19T17:54:08Z",
        "task": 5,
        "created": "2014-11-19T17:54:08Z",
        "document": 95,
        "points": 0
    },
    "model": "common.documentquestrelationship",
    "pk": 14
},
{
    "fields": {
        "updated": "2014-11-19T17:54:08Z",
        "task": 6,
        "created": "2014-11-19T17:54:08Z",
        "document": 77,
        "points": 0
    },
    "model": "common.documentquestrelationship",
    "pk": 15
},
{
    "fields": {
        "updated": "2014-11-19T17:54:08Z",
        "task": 6,
        "created": "2014-11-19T17:54:08Z",
        "document": 37,
        "points": 0
    },
    "model": "common.documentquestrelationship",
    "pk": 16
},
{
    "fields": {
        "updated": "2014-11-19T17:54:08Z",
        "task": 6,
        "created": "2014-11-19T17:54:08Z",
        "document": 99,
        "points": 0
    },
    "model": "common.documentquestrelationship",
    "pk": 17
},
{
    "fields": {
        "updated": "2014-11-19T17:54:08Z",
        "task": 6,
        "created": "2014-11-19T17:54:08Z",
        "document": 50,
        "points": 0
    },
    "model": "common.documentquestrelationship",
    "pk": 18
},
{
    "fields": {
        "updated": "2014-11-19T17:54:08Z",
        "task": 7,
        "created": "2014-11-19T17:54:08Z",
        "document": 53,
        "points": 0
    },
    "model": "common.documentquestrelationship",
    "pk": 19
},
{
    "fields": {
        "updated": "2014-11-19T17:54:08Z",
        "task": 7,
        "created": "2014-11-19T17:54:08Z",
        "document": 85,
        "points": 0
    },
    "model": "common.documentquestrelationship",
    "pk": 20
},
{
    "fields": {
        "updated": "2014-11-19T17:54:08Z",
        "task": 7,
        "created": "2014-11-19T17:54:08Z",
        "document": 90,
        "points": 0
    },
    "model": "common.documentquestrelationship",
    "pk": 21
},
{
    "fields": {
        "updated": "2014-11-19T17:54:08Z",
        "task": 7,
        "created": "2014-11-19T17:54:08Z",
        "document": 19,
        "points": 0
    },
    "model": "common.documentquestrelationship",
    "pk": 22
},
{
    "fields": {
        "updated": "2014-11-19T17:54:08Z",
        "task": 7,
        "created": "2014-11-19T17:54:08Z",
        "document": 4,
        "points": 0
    },
    "model": "common.documentquestrelationship",
    "pk": 23
},
{
    "fields": {
        "updated": "2014-11-19T17:54:08Z",
        "task": 7,
        "created": "2014-11-19T17:54:08Z",
        "document": 7,
        "points": 0
    },
    "model": "common.documentquestrelationship",
    "pk": 24
},
{
    "fields": {
        "updated": "2014-11-19T17:54:08Z",
        "task": 7,
        "created": "2014-11-19T17:54:08Z",
        "document": 78,
        "points": 0
    },
    "model": "common.documentquestrelationship",
    "pk": 25
},
{
    "fields": {
        "updated": "2014-11-19T17:54:08Z",
        "task": 7,
        "created": "2014-11-19T17:54:08Z",
        "document": 9,
        "points": 0
    },
    "model": "common.documentquestrelationship",
    "pk": 26
},
{
    "fields": {
        "updated": "2014-11-19T17:54:08Z",
        "task": 7,
        "created": "2014-11-19T17:54:08Z",
        "document": 91,
        "points": 0
    },
    "model": "common.documentquestrelationship",
    "pk": 27
},
{
    "fields": {
        "updated": "2014-11-19T17:54:08Z",
        "task": 8,
        "created": "2014-11-19T17:54:08Z",
        "document": 51,
        "points": 0
    },
    "model": "common.documentquestrelationship",
    "pk": 28
},
{
    "fields": {
        "updated": "2014-11-19T17:54:08Z",
        "task": 8,
        "created": "2014-11-19T17:54:08Z",
        "document": 23,
        "points": 0
    },
    "model": "common.documentquestrelationship",
    "pk": 29
},
{
    "fields": {
        "updated": "2014-11-19T17:54:08Z",
        "task": 8,
        "created": "2014-11-19T17:54:08Z",
        "document": 70,
        "points": 0
    },
    "model": "common.documentquestrelationship",
    "pk": 30
},
{
    "fields": {
        "updated": "2014-11-19T17:54:08Z",
        "task": 8,
        "created": "2014-11-19T17:54:08Z",
        "document": 24,
        "points": 0
    },
    "model": "common.documentquestrelationship",
    "pk": 31
},
{
    "fields": {
        "updated": "2014-11-19T17:54:08Z",
        "task": 8,
        "created": "2014-11-19T17:54:08Z",
        "document": 97,
        "points": 0
    },
    "model": "common.documentquestrelationship",
    "pk": 32
},
{
    "fields": {
        "updated": "2014-11-19T17:54:08Z",
        "task": 8,
        "created": "2014-11-19T17:54:08Z",
        "document": 27,
        "points": 0
    },
    "model": "common.documentquestrelationship",
    "pk": 33
},
{
    "fields": {
        "updated": "2014-11-19T17:54:08Z",
        "task": 8,
        "created": "2014-11-19T17:54:08Z",
        "document": 82,
        "points": 0
    },
    "model": "common.documentquestrelationship",
    "pk": 34
},
{
    "fields": {
        "updated": "2014-11-19T17:54:08Z",
        "task": 8,
        "created": "2014-11-19T17:54:08Z",
        "document": 81,
        "points": 0
    },
    "model": "common.documentquestrelationship",
    "pk": 35
},
{
    "fields": {
        "updated": "2014-11-19T17:54:08Z",
        "task": 9,
        "created": "2014-11-19T17:54:08Z",
        "document": 98,
        "points": 0
    },
    "model": "common.documentquestrelationship",
    "pk": 36
},
{
    "fields": {
        "updated": "2014-11-19T17:54:08Z",
        "task": 9,
        "created": "2014-11-19T17:54:08Z",
        "document": 33,
        "points": 0
    },
    "model": "common.documentquestrelationship",
    "pk": 37
},
{
    "fields": {
        "updated": "2014-11-19T17:54:08Z",
        "task": 9,
        "created": "2014-11-19T17:54:08Z",
        "document": 62,
        "points": 0
    },
    "model": "common.documentquestrelationship",
    "pk": 38
},
{
    "fields": {
        "updated": "2014-11-19T17:54:08Z",
        "task": 9,
        "created": "2014-11-19T17:54:08Z",
        "document": 64,
        "points": 0
    },
    "model": "common.documentquestrelationship",
    "pk": 39
},
{
    "fields": {
        "updated": "2014-11-19T17:54:08Z",
        "task": 9,
        "created": "2014-11-19T17:54:08Z",
        "document": 69,
        "points": 0
    },
    "model": "common.documentquestrelationship",
    "pk": 40
},
{
    "fields": {
        "updated": "2014-11-19T17:54:08Z",
        "task": 9,
        "created": "2014-11-19T17:54:08Z",
        "document": 66,
        "points": 0
    },
    "model": "common.documentquestrelationship",
    "pk": 41
},
{
    "fields": {
        "updated": "2014-11-19T17:54:08Z",
        "task": 9,
        "created": "2014-11-19T17:54:08Z",
        "document": 45,
        "points": 0
    },
    "model": "common.documentquestrelationship",
    "pk": 42
},
{
    "fields": {
        "updated": "2014-11-19T17:54:08Z",
        "task": 9,
        "created": "2014-11-19T17:54:08Z",
        "document": 87,
        "points": 0
    },
    "model": "common.documentquestrelationship",
    "pk": 43
},
{
    "fields": {
        "updated": "2014-11-19T17:54:08Z",
        "task": 9,
        "created": "2014-11-19T17:54:08Z",
        "document": 48,
        "points": 0
    },
    "model": "common.documentquestrelationship",
    "pk": 44
},
{
    "fields": {
        "updated": "2014-11-19T17:54:08Z",
        "task": 10,
        "created": "2014-11-19T17:54:08Z",
        "document": 80,
        "points": 0
    },
    "model": "common.documentquestrelationship",
    "pk": 45
},
{
    "fields": {
        "updated": "2014-11-19T17:54:08Z",
        "task": 10,
        "created": "2014-11-19T17:54:08Z",
        "document": 63,
        "points": 0
    },
    "model": "common.documentquestrelationship",
    "pk": 46
},
{
    "fields": {
        "updated": "2014-11-19T17:54:08Z",
        "task": 10,
        "created": "2014-11-19T17:54:08Z",
        "document": 67,
        "points": 0
    },
    "model": "common.documentquestrelationship",
    "pk": 47
},
{
    "fields": {
        "updated": "2014-11-19T17:54:08Z",
        "task": 10,
        "created": "2014-11-19T17:54:08Z",
        "document": 1,
        "points": 0
    },
    "model": "common.documentquestrelationship",
    "pk": 48
},
{
    "fields": {
        "updated": "2014-11-19T17:54:08Z",
        "task": 10,
        "created": "2014-11-19T17:54:08Z",
        "document": 72,
        "points": 0
    },
    "model": "common.documentquestrelationship",
    "pk": 49
},
{
    "fields": {
        "updated": "2014-11-19T17:54:08Z",
        "task": 10,
        "created": "2014-11-19T17:54:08Z",
        "document": 26,
        "points": 0
    },
    "model": "common.documentquestrelationship",
    "pk": 50
},
{
    "fields": {
        "updated": "2014-11-19T17:54:08Z",
        "task": 10,
        "created": "2014-11-19T17:54:08Z",
        "document": 84,
        "points": 0
    },
    "model": "common.documentquestrelationship",
    "pk": 51
},
{
    "fields": {
        "updated": "2014-11-19T17:54:08Z",
        "task": 10,
        "created": "2014-11-19T17:54:08Z",
        "document": 13,
        "points": 0
    },
    "model": "common.documentquestrelationship",
    "pk": 52
},
{
    "fields": {
        "updated": "2014-11-19T17:54:08Z",
        "task": 11,
        "created": "2014-11-19T17:54:08Z",
        "document": 2,
        "points": 0
    },
    "model": "common.documentquestrelationship",
    "pk": 53
},
{
    "fields": {
        "updated": "2014-11-19T17:54:08Z",
        "task": 11,
        "created": "2014-11-19T17:54:08Z",
        "document": 20,
        "points": 0
    },
    "model": "common.documentquestrelationship",
    "pk": 54
},
{
    "fields": {
        "updated": "2014-11-19T17:54:08Z",
        "task": 11,
        "created": "2014-11-19T17:54:08Z",
        "document": 59,
        "points": 0
    },
    "model": "common.documentquestrelationship",
    "pk": 55
},
{
    "fields": {
        "updated": "2014-11-19T17:54:08Z",
        "task": 11,
        "created": "2014-11-19T17:54:08Z",
        "document": 42,
        "points": 0
    },
    "model": "common.documentquestrelationship",
    "pk": 56
},
{
    "fields": {
        "updated": "2014-11-19T17:54:08Z",
        "task": 11,
        "created": "2014-11-19T17:54:08Z",
        "document": 31,
        "points": 0
    },
    "model": "common.documentquestrelationship",
    "pk": 57
},
{
    "fields": {
        "updated": "2014-11-19T17:54:08Z",
        "task": 11,
        "created": "2014-11-19T17:54:08Z",
        "document": 29,
        "points": 0
    },
    "model": "common.documentquestrelationship",
    "pk": 58
},
{
    "fields": {
        "updated": "2014-11-19T17:54:08Z",
        "task": 11,
        "created": "2014-11-19T17:54:08Z",
        "document": 71,
        "points": 0
    },
    "model": "common.documentquestrelationship",
    "pk": 59
},
{
    "fields": {
        "updated": "2014-11-19T17:54:08Z",
        "task": 11,
        "created": "2014-11-19T17:54:08Z",
        "document": 94,
        "points": 0
    },
    "model": "common.documentquestrelationship",
    "pk": 60
},
{
    "fields": {
        "updated": "2014-11-19T17:54:08Z",
        "task": 11,
        "created": "2014-11-19T17:54:08Z",
        "document": 32,
        "points": 0
    },
    "model": "common.documentquestrelationship",
    "pk": 61
},
{
    "fields": {
        "updated": "2014-11-19T17:54:08Z",
        "task": 12,
        "created": "2014-11-19T17:54:08Z",
        "document": 73,
        "points": 0
    },
    "model": "common.documentquestrelationship",
    "pk": 62
},
{
    "fields": {
        "updated": "2014-11-19T17:54:08Z",
        "task": 12,
        "created": "2014-11-19T17:54:08Z",
        "document": 96,
        "points": 0
    },
    "model": "common.documentquestrelationship",
    "pk": 63
},
{
    "fields": {
        "updated": "2014-11-19T17:54:08Z",
        "task": 12,
        "created": "2014-11-19T17:54:08Z",
        "document": 39,
        "points": 0
    },
    "model": "common.documentquestrelationship",
    "pk": 64
},
{
    "fields": {
        "updated": "2014-11-19T17:54:08Z",
        "task": 12,
        "created": "2014-11-19T17:54:08Z",
        "document": 52,
        "points": 0
    },
    "model": "common.documentquestrelationship",
    "pk": 65
},
{
    "fields": {
        "updated": "2014-11-19T17:54:08Z",
        "task": 12,
        "created": "2014-11-19T17:54:08Z",
        "document": 68,
        "points": 0
    },
    "model": "common.documentquestrelationship",
    "pk": 66
},
{
    "fields": {
        "updated": "2014-11-19T17:54:08Z",
        "task": 12,
        "created": "2014-11-19T17:54:08Z",
        "document": 83,
        "points": 0
    },
    "model": "common.documentquestrelationship",
    "pk": 67
},
{
    "fields": {
        "updated": "2014-11-19T17:54:08Z",
        "task": 12,
        "created": "2014-11-19T17:54:08Z",
        "document": 61,
        "points": 0
    },
    "model": "common.documentquestrelationship",
    "pk": 68
},
{
    "fields": {
        "updated": "2014-11-19T17:54:08Z",
        "task": 13,
        "created": "2014-11-19T17:54:08Z",
        "document": 3,
        "points": 0
    },
    "model": "common.documentquestrelationship",
    "pk": 69
},
{
    "fields": {
        "updated": "2014-11-19T17:54:08Z",
        "task": 13,
        "created": "2014-11-19T17:54:08Z",
        "document": 76,
        "points": 0
    },
    "model": "common.documentquestrelationship",
    "pk": 70
},
{
    "fields": {
        "updated": "2014-11-19T17:54:08Z",
        "task": 13,
        "created": "2014-11-19T17:54:08Z",
        "document": 36,
        "points": 0
    },
    "model": "common.documentquestrelationship",
    "pk": 71
},
{
    "fields": {
        "updated": "2014-11-19T17:54:08Z",
        "task": 14,
        "created": "2014-11-19T17:54:08Z",
        "document": 56,
        "points": 0
    },
    "model": "common.documentquestrelationship",
    "pk": 72
},
{
    "fields": {
        "updated": "2014-11-19T17:54:08Z",
        "task": 14,
        "created": "2014-11-19T17:54:08Z",
        "document": 49,
        "points": 0
    },
    "model": "common.documentquestrelationship",
    "pk": 73
},
{
    "fields": {
        "updated": "2014-11-19T17:54:08Z",
        "task": 14,
        "created": "2014-11-19T17:54:08Z",
        "document": 40,
        "points": 0
    },
    "model": "common.documentquestrelationship",
    "pk": 74
},
{
    "fields": {
        "updated": "2014-11-19T17:54:08Z",
        "task": 14,
        "created": "2014-11-19T17:54:08Z",
        "document": 54,
        "points": 0
    },
    "model": "common.documentquestrelationship",
    "pk": 75
},
{
    "fields": {
        "updated": "2014-11-19T17:54:08Z",
        "task": 14,
        "created": "2014-11-19T17:54:08Z",
        "document": 55,
        "points": 0
    },
    "model": "common.documentquestrelationship",
    "pk": 76
},
{
    "fields": {
        "updated": "2014-11-19T17:54:08Z",
        "task": 14,
        "created": "2014-11-19T17:54:08Z",
        "document": 15,
        "points": 0
    },
    "model": "common.documentquestrelationship",
    "pk": 77
},
{
    "fields": {
        "updated": "2014-11-19T17:54:08Z",
        "task": 15,
        "created": "2014-11-19T17:54:08Z",
        "document": 12,
        "points": 0
    },
    "model": "common.documentquestrelationship",
    "pk": 78
},
{
    "fields": {
        "updated": "2014-11-19T17:54:08Z",
        "task": 15,
        "created": "2014-11-19T17:54:08Z",
        "document": 86,
        "points": 0
    },
    "model": "common.documentquestrelationship",
    "pk": 79
},
{
    "fields": {
        "updated": "2014-11-19T17:54:08Z",
        "task": 15,
        "created": "2014-11-19T17:54:08Z",
        "document": 75,
        "points": 0
    },
    "model": "common.documentquestrelationship",
    "pk": 80
},
{
    "fields": {
        "updated": "2014-11-19T17:54:08Z",
        "task": 15,
        "created": "2014-11-19T17:54:08Z",
        "document": 14,
        "points": 0
    },
    "model": "common.documentquestrelationship",
    "pk": 81
},
{
    "fields": {
        "updated": "2014-11-19T17:54:08Z",
        "task": 15,
        "created": "2014-11-19T17:54:08Z",
        "document": 30,
        "points": 0
    },
    "model": "common.documentquestrelationship",
    "pk": 82
},
{
    "fields": {
        "updated": "2014-11-19T17:54:08Z",
        "task": 16,
        "created": "2014-11-19T17:54:08Z",
        "document": 6,
        "points": 0
    },
    "model": "common.documentquestrelationship",
    "pk": 83
},
{
    "fields": {
        "updated": "2014-11-19T17:54:08Z",
        "task": 16,
        "created": "2014-11-19T17:54:08Z",
        "document": 74,
        "points": 0
    },
    "model": "common.documentquestrelationship",
    "pk": 84
},
{
    "fields": {
        "updated": "2014-11-19T17:54:08Z",
        "task": 16,
        "created": "2014-11-19T17:54:08Z",
        "document": 92,
        "points": 0
    },
    "model": "common.documentquestrelationship",
    "pk": 85
},
{
    "fields": {
        "updated": "2014-11-19T17:54:08Z",
        "task": 16,
        "created": "2014-11-19T17:54:08Z",
        "document": 100,
        "points": 0
    },
    "model": "common.documentquestrelationship",
    "pk": 86
},
{
    "fields": {
        "updated": "2014-11-19T17:54:08Z",
        "task": 16,
        "created": "2014-11-19T17:54:08Z",
        "document": 79,
        "points": 0
    },
    "model": "common.documentquestrelationship",
    "pk": 87
},
{
    "fields": {
        "updated": "2014-11-19T17:54:08Z",
        "task": 16,
        "created": "2014-11-19T17:54:08Z",
        "document": 41,
        "points": 0
    },
    "model": "common.documentquestrelationship",
    "pk": 88
},
{
    "fields": {
        "updated": "2014-11-19T17:54:08Z",
        "task": 16,
        "created": "2014-11-19T17:54:08Z",
        "document": 46,
        "points": 0
    },
    "model": "common.documentquestrelationship",
    "pk": 89
},
{
    "fields": {
        "updated": "2014-11-19T17:54:08Z",
        "task": 16,
        "created": "2014-11-19T17:54:08Z",
        "document": 57,
        "points": 0
    },
    "model": "common.documentquestrelationship",
    "pk": 90
},
{
    "fields": {
        "updated": "2014-11-19T17:54:08Z",
        "task": 16,
        "created": "2014-11-19T17:54:08Z",
        "document": 43,
        "points": 0
    },
    "model": "common.documentquestrelationship",
    "pk": 91
}
]
