text,start,count
tumour,678,
Ovarian cancer,0,
breast cancer,92,
ovarian cancer,125,
cancer,503,
cancers,612,
breast cancer,632,
hereditary breast and ovarian cancer,742,
ovarian cancer,889,
hereditary ovarian cancer,1192,
breast cancer,1244,
inherited cancer syndrome,1415,
myotonic dystrophy,91,
Myotonic dystrophy,0,
DM,21,
hereditary retinoblastoma,52,
familial or sporadic bilateral retinoblastoma,73,
Type II human complement C2 deficiency,0,
Type II complement protein C2 deficiency,0,
Type I C2 deficiency,238,
Type II deficiency,297,
Type II C2 deficiency,522,
type IID von Willebrand disease,88,
type IID von Willebrand disease,141,
type IID von Willebrand disease,1303,
Wiskott-Aldrich syndrome,0,
Wiskott-Aldrich syndrome,168,
WAS,195,
cellular abnormalities,811,
WAS,837,
X-linked adrenoleukodystrophy,0,
X-Linked adrenoleukodystrophy,0,
ALD,32,
demyelination of the central nervous system,75,
adrenal insufficiency,121,
ALD,221,
ALD,368,
Adrenomyeloneuropathy,442,
AMN,466,
Adrenal insufficiency,546,
Addisons disease,570,
AMN,619,
cerebral ALD,626,
ALD,686,
ALD,727,
Addisons disease,749,
cerebral ALD,1288,
adrenomyeloneuropathy,1311,
AMN,1385,
ALD,1428,
Tumor,0,
prostate carcinoma,41,
Prostate cancer,0,
cancer,52,
prostate carcinomas,281,
prostate carcinomas,380,
prostatic adenocarcinoma,918,
prostate adenocarcinoma,1037,
prostate carcinoma,1512,
prostatic adenocarcinoma,1624,
breast carcinoma,36,
cancers,63,
tumour,37,
cancer,107,
cancer,177,
tumour,192,
familial breast and ovarian cancer,388,
sporadic breast and ovarian cancers,469,
breast carcinoma,599,
familial breast cancer,649,
breast cancer,729,
tumour,821,
breast cancer,914,
tumours,938,
sporadic breast cancers,1143,
tumour,1222,
cancers,1289,
breast carcinoma,1307,
pancreatic tumour,1370,
pancreatic cancer,1445,
hereditary breast and ovarian cancer,28,
breast and ovarian cancer,48,
breast-ovarian cancer,1024,
ovarian cancer,1092,
breast-ovarian cancer,1197,
tumors,1324,
tumor,1339,
"prostatic , pancreas , skin , and lung cancer",1405,
malignant melanoma,1455,
oligodendroglioma,1479,
carcinosarcoma,1505,
ovarian cancer,1597,
hereditary breast cancer,1777,
ovarian cancers,1834,
Ovarian Cancer,118,
breast and / or ovarian cancer,130,
breast / ovarian cancer,595,
breast and / or ovarian cancer,709,
Li-Fraumeni syndrome,93,
Li-Fraumeni syndrome,43,
tumour,113,
sporadic tumours,423,
tumours,602,
leiomyosarcoma,659,
tumour,735,
hereditary retinoblastoma,43,
hereditary retinoblastoma,66,
tumor,1304,
nonocular tumors,1338,
Huntington disease,73,
HD,93,
HD,110,
Huntington disease,62,
HD,83,
HD,1098,
HD,1238,
HD,1583,
HD,1690,
Canavan disease,86,
Canavan disease,0,
Canavan disease,153,
Canavan disease,487,
Canavan disease,1178,
Canavan disease,1738,
ataxia-telangiectasia,59,
A-T,83,
Wiskott-Aldrich syndrome,25,
Wiskott-Aldrich syndrome,57,
Wiskott-Aldrich syndrome,881,
familial Mediterranean fever,43,
familial Mediterranean fever,162,
FMF,193,
FMF,435,
FMF,1213,
myotonic dystrophy,9,
myopathy,68,
Myotonic dystrophy,0,
DM,21,
hypertrophic cardiomyopathy,546,
DM,650,
myotonia,707,
cataract,718,
male-infertility,731,
myotonic dystrophy,17,
myopathy,84,
Myotonic dystrophy,0,
DM,21,
autosomal dominant disorder,32,
progressive skeletal myopathy,314,
DM,388,
fibrosis,482,
tumor,4,
breast and ovarian cancers,76,
tumors,172,
coronary heart disease,10,
coronary heart disease,128,
CHD,153,
CHD,720,
CHD,819,
CHD,892,
CHD,1096,
CHD,1239,
CHD,1332,
CHD,1365,
retinoblastoma,38,
Wiskott-Aldrich syndrome,0,
Wiskott-Aldrich syndrome,4,
X-linked thrombocytopenia,131,
eye abnormalities,75,
Aniridia,0,
iris hypoplasia,167,
brain abnormalities,242,
developmental abnormalities of the eye,587,
developmental defects,880,
galactosemia,366,
galactosemia,1502,
Huntington disease,66,
HD,87,
HD,327,
HD,610,
breast / ovarian cancer,67,
Prader-Willi syndrome,69,
Prader-Willi syndrome,106,
PWS,130,
PWS,172,
PWS,459,
PWS,529,
von Hippel-Lindau ( VHL ) disease,4,
VHL,159,
"retinal , cerebellar and spinal haemangioblastomas",211,
renal cell carcinoma,264,
phaeochromocytoma,289,
VHL,351,
sporadic renal cell carcinoma,375,
haemangioblastoma,409,
VHL,527,
VHL,678,
VHL,796,
VHL,954,
VHL,1033,
VHL,1125,
VHL,1336,
VHL,1451,
VHL,1551,
VHL,1630,
hereditary breast cancer,25,
breast cancer,31,
hereditary breast cancer,185,
hereditary breast cancer,330,
hereditary breast cancers,413,
hereditary breast or ovarian cancer,515,
breast cancer,618,
breast or ovarian cancer,717,
hereditary cancer,909,
hereditary breast cancer,1361,
hereditary breast cancer,1521,
inherited human disorder,78,
fish-eye disease,104,
fish-eye disease,335,
FED,354,
FED,625,
ataxia-telangiectasia,48,
ataxia-telangiectasia,36,
A-T,60,
A-T,195,
A-T,414,
cerebellar ataxia,765,
A-T,948,
A-T,1040,
non-papillary renal cell carcinomas,75,
sporadic renal cell carcinomas,66,
parenchymal tumours of the kidney,112,
non-papillary renal cell carcinomas,346,
renal cell carcinomas,416,
non-papillary renal cell carcinomas,456,
renal cell carcinomas,626,
papillary renal cell tumours,667,
renal oncocytomas,704,
tumours,871,
non-papillary renal cell carcinoma,1017,
Emery-Dreifuss muscular dystrophy,4,
Emery-Dreifuss muscular dystrophy,607,
EMDM,643,
EDMD,793,
endometrial cancer,20,
tumours,11,
hereditary nonpolyposis colorectal cancer,188,
HNPCC,232,
sporadic tumours,256,
endometrial carcinomas,550,
endometrial carcinoma,774,
endometrial carcinoma,806,
tumours,1528,
Norrie disease,20,
ND,36,
ND,69,
Norrie disease,81,
ND,98,
ND,156,
ND,201,
ND,515,
ND,917,
alveolar rhabdomyosarcoma,39,
Pediatric alveolar rhabdomyosarcoma,0,
enzyme deficiency,154,
glucose-6-phosphate dehydrogenase ( G6PD ) deficiency,205,
chronic nonspherocytic hemolytic anemia,406,
G6PD deficiency,514,
G6PD deficiency,1219,
myotonic dystrophy,81,
myotonic dystrophy,21,
DM,42,
DM,163,
DM,340,
DM,657,
myotonic dystrophy,1154,
lipomas,51,
lipomas,32,
lipoma,1754,
Huntington disease,119,
Huntington disease,24,
HD,45,
HD,92,
HD,175,
HD,246,
HD,503,
HD,746,
HD,804,
HD,1029,
sporadic aniridia,31,
bilateral sporadic aniridia,36,
aniridia,324,
aniridia,503,
aniridia,678,
familial aniridia,744,
glucose-6-phosphate dehydrogenase deficiency,21,
G6PD deficiency,21,
phenylketonuria,17,
phenylketonuria,10,
PKU,28,
autosomal recessive disorder,40,
PKU,188,
PKU,1001,
benign familial neonatal convulsions,151,
autosomal dominant nocturnal frontal lobe epilepsy,190,
autosomal dominant nocturnal frontal lobe epilepsy,364,
idiopathic epilepsies,923,
inherited breast cancer,55,
breast cancer,153,
familial breast cancer,241,
inherited breast / ovarian cancer,276,
inherited breast cancer,378,
breast cancer,907,
breast cancer,1178,
hereditary breast cancer,1686,
ataxia-telangiectasia,20,
AT,44,
cancer,1055,
AT,1070,
growth retardation,36,
chromosomal fragmentation during meiosis,56,
immune defects,98,
thymic lymphoma,118,
ataxia-telangiectasia,54,
ataxia-telangiectasia,438,
infertility,553,
Immune defects,768,
thymic lymphomas,1171,
tumor,1422,
VLCAD deficiency,1170,
VLCAD deficiency,1296,
C6 and C7 deficiencies,104,
Combined subtotal deficiency of C6 and C7,0,
complement C7 deficiency,23,
Complement C7 deficiency,0,
C7D,27,
meningitis,107,
Neisseria meningitidis,128,
C7D,199,
C7D,1006,
C7D,1068,
lesch-nyhan syndrome,45,
Complete hypoxanthine-guanine phosphoribosyl-transferase ( HPRT ) deficiency,0,
Lesch-Nyhan syndrome,102,
HPRT-deficient,211,
Lesch-Nyhan syndrome,334,
HPRT-deficient,440,
deficiency of APRT,493,
HPRT-deficiency,532,
HPRT-APRT-deficient,700,
APRT deficiency,878,
APRT-HPRT-deficient,979,
behavioral abnormalities,1108,
Lesch-Nyhan syndrome,1153,
colorectal cancers,46,
colorectal cancers,90,
pancreatic cancers,312,
colorectal cancers,410,
ataxia-telangiectasia,23,
ataxia-telangiectasia,36,
Atm-deficient,137,
thymomas,285,
Atm-deficient,296,
Atm-deficient,409,
Atm-deficient,508,
ataxia-telangiectasia,575,
colorectal cancer,33,
stage II colorectal cancer,84,
colorectal cancer,220,
tumor,323,
colorectal carcinoma,361,
anxiety-related traits,15,
anxiety,99,
anxiety-related personality traits,739,
atelosteogenesis type 2,41,
diastrophic dysplasia,69,
diastrophic dysplasia,17,
chondrodysplasias,108,
diastrophic dysplasia,177,
DTD,201,
atelosteogenesis type 2,209,
AO2,235,
achondrogenesis type 1B,247,
ACG1B,273,
AO-2,457,
DTD,473,
AO2,520,
DTD,526,
AO2,802,
DTD,808,
Wiskott-Aldrich syndrome,111,
Wiskott-Aldrich syndrome,4,
WAS,31,
X-linked immunodeficiency disease,42,
WAS,134,
WAS,313,
isolated thrombocytopenia,1172,
WAS,1263,
Familial adenomatous polyposis,0,
FAP,33,
colorectal cancer,73,
adenomatous polyps,136,
adenomatous polyposis coli,222,
APC,251,
FAP,296,
APC,328,
attenuated adenomatous polyposis coli,411,
AAPC,451,
AAPC,589,
APC,874,
APC,966,
AAPC,1093,
breast-ovarian cancer,75,
tumors,167,
tumor,229,
tumors,342,
hereditary breast and ovarian cancer,4,
breast cancer,638,
tumour,720,
hereditary breast and ovarian cancer,391,
Autosomal dominant primary hyperparathyroidism and jaw tumor syndrome,0,
renal hamartomas,86,
cystic kidney disease,107,
renal hamartomas,186,
Hereditary hyperparathyroidism-jaw tumor syndrome,0,
HPT-JT,52,
autosomal dominant disease,67,
HPT-JT syndrome,216,
adult renal hamartomas,241,
cystic kidney disease,267,
HPT-JT syndrome,380,
renal lesions,420,
HPT,497,
JT,505,
JT,580,
polycystic kidney disease,675,
primary HPT,838,
MEN1,1261,
MEN2,1270,
renal hamartomas,1514,
jaw tumor,1599,
parathyroid tumor,1615,
tumor,1856,
G6PD deficient,327,
favism,379,
enzyme deficiency,703,
breast and ovarian cancer,41,
cancer,266,
breast and ovarian cancer,346,
breast and 79 ovarian cancer,651,
"breast , ovarian , or other cancers",857,
cancer,976,
cancer,1033,
breast cancer,1264,
cancer,1310,
breast and ovarian cancers,1473,
Ataxia-telangiectasia,0,
ataxia-telangiectasia,65,
A-T,89,
cerebellar degeneration,114,
immunodeficiency,140,
cancer predisposition,161,
A-T,185,
cancer-prone,229,
A-T,262,
A-T,512,
A-T,1052,
male breast cancer,42,
male breast cancer,32,
inherited breast / ovarian cancer,127,
breast and / or ovarian cancer,241,
breast / ovarian cancer,362,
male breast cancer,506,
male breast cancer,642,
cancer,720,
ovarian cancer,746,
male breast cancer,828,
breast / ovarian cancer,872,
Duarte and Los Angeles variant galactosemia,20,
Duarte enzyme variant of galactosemia,47,
LA variant of galactosemia,1713,
tumor,11,
breast cancer,98,
metastatic tumors,147,
tumor,335,
breast cancer,403,
breast carcinomas,455,
cancers,652,
breast cancer,732,
breast cancer,817,
Myotonic dystrophy,0,
DM,21,
DM,139,
autoimmune lymphoproliferative syndrome,48,
autoimmune lymphoproliferative syndrome,323,
ALPS,365,
ALPS,469,
splenomegaly,669,
lymphadenopathy,686,
autoimmune manifestations,734,
ataxia-telangiectasia,4,
ataxia-telangiectasia,19,
ataxia-telangiectasia,560,
type IV Ehlers-Danlos syndrome,343,
type IV Ehlers-Danlos syndrome,966,
Pelizaeus-Merzbacher disease,102,
Pelizaeus-Merzbacher disease,153,
PMD,184,
X-linked spastic paraplegia,342,
SPG,372,
PMD,446,
nystagmus,528,
tremors,550,
mental retardation,574,
dementia,628,
personality disorders,640,
PLP-associated disease,937,
breast and ovarian cancer,44,
breast cancer,43,
ovarian cancer,61,
breast cancer,285,
breast cancer,337,
breast and ovarian cancer,675,
breast or ovarian cancer,1193,
breast cancer,1321,
breast cancer,1489,
Kniest dysplasia,0,
Kniest dysplasia,0,
chondrodysplasia,29,
severely handicapped,226,
short stature,252,
restricted joint mobility,268,
blindness,300,
Kniest dysplasia,605,
alkaptonuria,69,
alkaptonuria,1463,
alkaptonuria,1626,
"brain, breast, and prostate cancer",68,
tumor,98,
cancers,191,
glioblastoma,281,
prostate cancer,341,
breast cancer,388,
primary glioblastomas,453,
tumor,696,
tumor,772,
Schwartz-Jampel chondrodystrophic myotonia,17,
chondrodystrophic myotonia,37,
myotonia,130,
short stature,141,
bone dysplasia,161,
SJS,202,
SJS,511,
myotonia,676,
myotonia,762,
bone dysplasia,1179,
Kniest dysplasia,1205,
bone dysplasia,1286,
Pyle disease,1312,
SJS type 2,1384,
kidney cancer,89,
Wilms tumour,105,
WT,120,
sporadic Wilms tumours,261,
Denys-Drash syndrome,344,
renal nephropathy,367,
gonadal anomaly,387,
predisposition to WT,405,
juvenile granulosa cell tumour,517,
non-asbestos related mesothelioma,550,
desmoplastic small round cell tumour,586,
acute myeloid leukemia,645,
autosomal dominant myotonia congenita,14,
Autosomal dominant myotonia congenita,0,
aniridia,55,
aniridia,7,
aniridia,165,
insulin-dependent diabetes mellitus,95,
insulin-dependent diabetes mellitus,105,
IDDM,286,
IDDM,330,
IDDM,476,
IDDM,518,
IDDM,587,
neisseria infections,308,
inherited C9 deficiency,383,
C9 deficiency,442,
C9 deficiency,890,
breast cancer,69,
breast cancer,112,
pancreatic cancer,53,
solid tumors,182,
pancreatic cancer,213,
pancreatic tumors,488,
pancreatic tumors,566,
tumors,609,
pancreatic tumors,730,
pancreatic cancer,806,
cancers,848,
C9 deficiency,37,
C9-deficient,101,
C9 deficiency,571,
C9 deficiency,951,
breast and ovarian cancer,31,
breast and / or ovarian cancer,83,
tumour,118,
breast carcinomas,137,
cancer,578,
breast cancer,630,
tumours,866,
estrogen receptor-positive breast carcinomas,1020,
C7 deficiency,19,
C7 deficiency,23,
C7-deficient,592,
classical and Duarte galactosemia,27,
Classical galactosemia,0,
Duarte galactosemia,436,
classical galactosemia,509,
galactosemia,822,
galactosemia,1037,
galactosemia,1109,
ataxia-telangiectasia,56,
ataxia-telangiectasia,45,
A-T,69,
A-T,499,
A-T,572,
A-T,890,
alveolar rhabdomyosarcoma,116,
hematopoietic and solid tumors,41,
solid tumor,202,
alveolar rhabdomyosarcoma,214,
alveolar rhabdomyosarcoma,907,
acute radiation toxicity,94,
ataxia-telangiectasia,68,
Li-Fraumeni syndrome,94,
T-cell lymphomas,395,
tumour,740,
acute radiation toxicity,1264,
tumours,1428,
myotonic dystrophy,38,
Myotonic dystrophy,0,
dystrophia myotonica,24,
DM,47,
autosomal dominant multisystem disorder,60,
retinoblastoma,73,
retinoblastoma,108,
von Hippel-Lindau tumor,4,
von Hippel-Lindau tumor,4,
clear-cell renal cell carcinoma,95,
RCC,129,
von Hippel-Lindau disease-associated and sporadic RCCs,178,
RCC- and von Hippel-Lindau disease-associated tumors,330,
RCC,633,
RCC,1361,
von Hippel-Lindau disease,1720,
RCC,1750,
Adult onset globoid cell leukodystrophy,0,
Krabbe disease,41,
adult onset globoid cell leukodystrophy,78,
Krabbe disease,120,
AO-GLD,137,
AO-GLD,1394,
GLD,1709,
