text,start,count
breast and ovarian cancer,72,
ovarian cancer,83,
tumour,678,
inherited breast and ovarian cancer,62,
breast,72,
Ovarian cancer,0,
inherited cancer syndrome,1415,
cancers,612,
cancer,503,
hereditary breast and ovarian cancer,742,
myotonic dystrophy,91,
Myotonic dystrophy ( DM,0,
DM,1123,
DM,437,
familial or sporadic bilateral retinoblastoma,73,
familial,73,
Wiskott-Aldrich syndrome,0,
Wiskott-Aldrich,168,
syndrome,184,
idiopathic Addison's disease,53,
Adrenomyeloneuropathy ( AMN,442,
Adrenal insufficiency,546,
adrenal insufficiency,121,
elevated plasma concentrations of very long chain fatty acids,1054,
idiopathic Addisons disease,1455,
demyelination of the central nervous system,75,
ALD,635,
adrenomyeloneuropathy with cerebral involvement,1311,
accumulation of very long chain fatty acids in tissue and body fluids,149,
primary idiopathic adrenocortical insufficiency,973,
preclinical AMN,1373,
Tumor,0,
human prostate carcinoma,35,
tumor,874,
tumor,1485,
cancer,52,
prostate adenocarcinoma,1445,
prostate adenocarcinoma,1037,
prostatic adenocarcinoma,918,
human prostate carcinoma,1506,
prostate,281,
breast,36,
cancers,63,
carcinoma,43,
familial breast and ovarian cancer,388,
cancer,416,
cancers,1289,
pancreatic,1445,
tumours,938,
tumour,1222,
tumour,821,
pancreatic tumour,1370,
carcinoma,606,
cancer,1456,
breast cancers,1152,
familial,388,
breast and ovarian cancers,478,
breast,599,
cancers,262,
tumour,37,
breast,397,
breast,1307,
cancer,107,
cancers,1159,
cancer,177,
familial breast cancer,649,
hereditary breast and ovarian cancer,28,
prostatic,1405,
hereditary breast cancer,1777,
ovarian cancer,1092,
breast and ovarian cancer,48,
tumors,1324,
tumor,1339,
breast-ovarian cancer,1024,
"prostatic , pancreas , skin , and lung cancer",1405,
breast-ovarian cancer,1197,
hereditary,1777,
Familial Ovarian Cancer,109,
breast and / or ovarian cancer,130,
ovarian cancer,725,
breast and / or ovarian cancer,709,
breast / ovarian cancer,595,
tumour,735,
tumours,432,
sporadic tumours,423,
tumours,602,
tumour,113,
hereditary,43,
retinoblastoma,54,
tumor,1304,
hereditary,66,
retinoblastoma,77,
nonocular tumors,1338,
Huntington disease,73,
HD,93,
HD,110,
HD,1690,
HD,1098,
Wiskott-Aldrich syndrome,25,
scurfy,760,
familial,43,
fever,66,
Mediterranean,52,
fever,185,
Mediterranean,171,
familial,162,
Abnormal myotonic dystrophy,0,
myotonic dystrophy,9,
myopathy,68,
fibre-type dependent atrophy,676,
DM,650,
enhanced neonatal mortality,578,
DM-protein,96,
onset,66,
late,61,
progressive,72,
progressive myopathy,72,
DM,207,
DM,788,
"late-onset , progressive skeletal myopathy",301,
tumor,4,
breast and ovarian cancers,76,
tumors,172,
CHD,1365,
CHD,892,
WAS,802,
syndrome,20,
Wiskott-Aldrich,4,
WAS,103,
Wiskott-Aldrich syndrome,4,
severe eye abnormalities,68,
Small eye,20,
Small eye,436,
hypoplasia,172,
developmental abnormalities of the eye,587,
brain abnormalities,242,
lack eyes and nasal cavities,201,
exhibit brain abnormalities,234,
developmental defects,880,
HD,327,
Huntington,66,
sporadic breast / ovarian tumorigenesis,139,
breast / ovarian cancer,67,
PWS,529,
PWS,459,
tumour,44,
von Hippel-Lindau disease,18,
VHL,1125,
VHL,678,
VHL,1033,
VHL,796,
VHL,1451,
VHL,1630,
VHL,24,
VHL,351,
von Hippel-Lindau ( VHL ) disease,4,
VHL,1336,
VHL-mediated,1731,
VHL,1551,
VHL,954,
renal cell carcinoma and haemangioblastoma,384,
VHL,159,
"retinal , cerebellar and spinal haemangioblastomas",211,
VHL,527,
breast,36,
breast cancer,618,
hereditary breast or ovarian cancer,515,
breast or ovarian cancer,717,
hereditary cancer,909,
disease,113,
fish-eye,104,
fish-eye,335,
FED,625,
disease,344,
h FE,1061,
A-T,414,
A-T,948,
A-T,195,
chromophobe renal cell carcinomas,614,
chromophobe renal cell carcinomas,404,
parenchymal tumours of the kidney,112,
tumours,871,
parenchymal tumours,112,
Emery-Dreifuss muscular dystrophy,4,
EMDM,643,
Emery-Dreifuss muscular dystrophy,607,
EDMD,793,
Emery-Dreifuss muscular dystrophy ( EMDM,607,
tumours,265,
colorectal,212,
sporadic tumours,256,
endometrial carcinoma,806,
hereditary nonpolyposis colorectal cancer,188,
tumours,1528,
tumours,11,
HNPCC,232,
ND,69,
Norrie disease (ND,20,
ND,917,
ND,156,
ND,201,
ND,515,
Norrie disease ( ND,81,
enzyme deficiency,154,
severe G6PD deficiency,1212,
G6PD-normal,950,
myotonic dystrophy,81,
DM,163,
DM,42,
DM,340,
myotonic dystrophy,21,
myotonic dystrophy,1154,
DM,657,
lipomas,32,
lipomas,1784,
Huntington disease,119,
HD,92,
HD,746,
HD,503,
HD,246,
familial aniridia,744,
G6PD,21,
epilepsy,232,
epilepsies,934,
idiopathic epilepsies,923,
autosomal,190,
inherited breast cancer,378,
breast cancer,980,
breast cancer,1697,
inherited breast / ovarian cancer,276,
AT,1070,
AT,266,
AT,44,
cancer,1055,
ataxia-telangiectasia,20,
immune defects,98,
growth retardation,36,
growth,36,
retardation,43,
growth-retarded,515,
tumor,1422,
infertile,537,
cardiac and muscle symptoms,1105,
bacterial,73,
Complement C7 deficiency ( C7D,0,
recurrent bacterial infections,63,
infections,83,
meningitis,107,
HPRT-deficient,211,
APRT-HPRT-deficient,979,
HPRT-deficient,440,
self-injurious behavior,928,
compulsive self-injurious behavior,174,
in colorectal canc,1037,
of colorectal canc,956,
y colorectal cance,533,
ataxia-telangiectasia,23,
severe defects in T cell maturation,223,
ataxia-telangiectasia,575,
retarded in growth,160,
do not produce mature sperm,181,
ve tumo,1018,
th stage II and stage III colorectal carcinom,821,
ike stage III canc,1422,
se tumo,908,
ith lesi,1397,
In stage II colorectal carcino,1307,
th DCC-negative tumo,1005,
f tumo,676,
th stage II disea,885,
I colorectal carcinoma,538,
tumor,323,
d stage II and III colorectal carcinoma,521,
ith stage II or stage III colorectal can,1261,
anxiety-related traits,15,
anxiety-related,15,
anxiety,99,
anxiety-related personality traits,739,
diastrophic,69,
achondrogenesis,247,
h AO,1221,
chondrodysplasias,108,
chondrodysplasias,332,
diastrophic,177,
1B,268,
h AO,1607,
diastrophic dysplasia,17,
type,263,
r DT,1614,
atelosteogenesis,209,
DTD,794,
WAS,535,
WAS,480,
WAS,1263,
Wiskott-Aldrich syndrome ( WAS,4,
thrombocytopenia,1181,
extensive clinical heterogeneity,188,
WAS,1561,
WAS,134,
attenuated adenomatous polyposis coli,109,
APC,874,
Familial adenomatous polyposis ( FAP,0,
adenomatous polyps,136,
AAPC,1093,
tumors,167,
breast-ovarian cancer,75,
tumors,342,
tumor,229,
sporadic tumors,333,
tumour,720,
hereditary breast and ovarian cancer,4,
breast cancer,638,
hereditary breast and ovarian cancer,391,
breast and ovarian cancer,402,
Autosomal,0,
hyperparathyroidism,27,
renal hamartomas and cystic kidney disease,86,
jaw tumor syndrome,51,
Autosomal dominant primary hyperparathyroidism,0,
jaw,51,
hamartomas,92,
cystic kidney disease,107,
cystic kidney disease,267,
renal lesions,420,
Hereditary hyperparathyroidism-jaw tumor syndrome ( HPT-JT,0,
adult renal hamartomas or cystic kidney disease,241,
tumor,1856,
HPT and JT,497,
HPT,846,
renal hamartomas,1662,
jaw tumor and a parathyroid tumor,1599,
G6PD deficient,327,
ovarian cancer,665,
cancer,1033,
breast and ovarian cancer,41,
heritable cancer,256,
breast and ovarian cancers,1473,
breast,1473,
breast and ovarian cancer,346,
cancer,266,
cancer,1310,
breast,41,
cancer,976,
breast,651,
"breast , ovarian , or other cancers",857,
A-T,262,
A-T,1052,
cancer predisposition,161,
cancer-prone,229,
A-T,512,
immunodeficiency,140,
A-T,185,
cerebellar degeneration,114,
male breast cancer,42,
breast and / or ovarian cancer,241,
male breast cancer,642,
male breast cancer,32,
cancer,720,
breast / ovarian cancer,872,
inherited breast / ovarian cancer,127,
breast,241,
breast / ovarian cancer,362,
male breast cancer,506,
galactosemia,51,
Duarte,20,
galactosemia,72,
tumor,11,
tumors,158,
metastatic,147,
fibroblasts,73,
breast,732,
breast cancer,732,
cancer,739,
cancers,652,
metastatic tumors,147,
cancer,824,
tumor,335,
carcinomas,462,
breast,817,
breast,455,
DM,658,
DM,139,
severe autoimmune manifestations,727,
splenomegaly,669,
lymphadenopathy,686,
autoimmune manifestations,734,
ataxia-telangiectasia,4,
ATM,48,
ATM,510,
ATM,169,
ATM,771,
ATM,406,
ataxia-telangiectasia,560,
ATM,914,
ataxia-telangiectasia,19,
type,966,
dementia,628,
nystagmus,528,
PLP-associated disease,937,
tremors,550,
personality disorders,640,
mental retardation,574,
breast and ovarian cancer,44,
breast cancer,285,
young onset breast cancer and ovarian cancer,31,
breast or ovarian cancer,1193,
breast cancer,1321,
breast and ovarian cancer,675,
short stature,252,
chondrodysplasia,29,
restricted joint mobility,268,
blindness,300,
Kniest,0,
alkaptonuria,1463,
breast,75,
brain,68,
"brain, breast, and prostate cancer",68,
breast cancer,388,
tumor,772,
human cancers,185,
glioblastoma,281,
tumor,98,
prostate cancer,341,
glioblastomas,461,
tumor,696,
cancers,191,
myotonia,676,
d SJ,1674,
SJS,942,
e SJ,1619,
mild skeletal changes,615,
Schwartz-Jampel syndrome ( SJS ; chondrodystrophic myotonia,4,
SJS,1384,
bone dysplasia,1286,
moderate bone dysplasia,996,
primary bone dysplasia with myotonia,734,
primary bone dysplasia,734,
bone dysplasia,161,
SJS,511,
short stature,141,
myotonia,762,
myotonia,130,
bone changes,879,
predisposition to WT,405,
childhood kidney cancer,79,
renal nephropathy,367,
WT,423,
gonadal anomaly,387,
Wilms tumours,270,
simple,48,
aniridia,7,
IDDM,816,
IDDM,981,
insulin-dependent diabetes mellitus,105,
recurrent neisseria infections,298,
C9 deficiency,549,
th breast and ovarian canc,829,
ith breast can,1446,
ot ovarian canc,721,
of bilateral breast canc,1202,
of breast canc,699,
of ovarian canc,969,
h breast cance,421,
of breast canc,627,
of breast canc,937,
of ovarian canc,1388,
of breast cance,1243,
of breast and ovarian canc,1002,
tumors,188,
tumor,357,
tumors,609,
solid tumors,182,
cancers,848,
mismatched kidney allografts,40,
breast and ovarian cancer,31,
breast and / or ovarian cancer,83,
tumour,118,
cancer,578,
tumours,866,
cancer,268,
deficiency,22,
C7,19,
C7,23,
C7-deficient,592,
classical,27,
Duarte galactosemia,41,
galactosemia,1109,
galactosemia,822,
classical and Duarte galactosemia,422,
classical galactosemia,696,
classical,422,
A-T,572,
A-T,890,
A-T,499,
rhabdomyosarcoma,125,
alveolar,116,
hematopoietic and solid tumors,41,
pediatric solid tumor alveolar rhabdomyosarcoma,192,
cancer-associated,41,
ataxia-telangiectasia and Li-Fraumeni syndrome,68,
tumorigenesis,862,
tumour,740,
tumours,1428,
myotonic dystrophy,38,
DM,927,
DM,1394,
DM,267,
adult neuromuscular disease,397,
RCC- and von Hippel-Lindau disease-associated tumors,330,
RCCs,228,
von Hippel-Lindau tumor,4,
leukodystrophy,25,
disease,48,
Krabbe,41,
diminished GALC activity in their leukocytes,461,
AO-GLD,1394,
