text,start,count
inherited breast and ovarian cancer ,62,
ovarian cancer,889,
inherited cancer syndrome,1415,
Myotonic dystrophy,0,
DM,153,
DM,349,
DM,21,
von Willebrand,59,
cellular abnormalities,811,
Wiskott-Aldrich syndrome,168,
X-linked adrenoleukodystrophy,0,
Addison's disease,64,
adrenomyeloneuropathy,1311,
adrenocortical insufficiency,992,
X-Linked adrenoleukodystrophy,0,
adrenal insufficiency,121,
Adrenomyeloneuropathy,442,
cerebral ALD,626,
genetic disease,43,
AMN,466,
demyelination of the central nervous system,75,
Addisons disease,1466,
AMN,1385,
Tumor,0,
prostate carcinoma,41,
prostate carcinoma,1512,
prostatic adenocarcinoma,918,
prostate carcinomas,281,
prostate carcinomas,380,
breast carcinoma,36,
cancers,63,
sporadic breast and ovarian cancers,469,
familial breast cancer,649,
familial breast and ovarian cancer,388,
tumour,821,
breast carcinoma,599,
pancreatic tumour,1370,
tumour,192,
sporadic breast cancers,1143,
pancreatic cancer,1445,
tumour,37,
breast cancer,729,
sporadic cancers,253,
ovarian cancers,1834,
ovarian cancer,1092,
tumors,1324,
malignant melanoma,1455,
breast-ovarian cancer,1197,
"prostatic , pancreas , skin , and lung cancer",1405,
Ovarian Cancer,118,
breast and / or ovarian cancer,130,
breast and / or ovarian cancer,709,
leiomyosarcoma,659,
sporadic tumours,423,
tumour,113,
hereditary retinoblastoma,43,
tumor,1304,
nonocular tumors,1338,
hereditary retinoblastoma,66,
Huntington disease,62,
HD,190,
Canavan disease,1178,
deficiency of ASPA,1688,
deficiency of aspartoacylase,83,
fatal lymphoreticular disease,787,
familial Mediterranean fever,43,
familial Mediterranean fever,162,
myotonia,707,
atrophy,697,
DM,650,
cataract,718,
myotonic dystrophy,17,
myopathy,84,
DM,643,
fibre degeneration,459,
progressive skeletal myopathy,314,
fibrosis,482,
autosomal dominant disorder,32,
DM,165,
DM,388,
Myotonic dystrophy,0,
tumors,172,
CETP deficiency,1271,
coronary heart disease,128,
Wiskott-Aldrich syndrome,4,
WAS,39,
WAS,583,
X-linked thrombocytopenia,131,
semidominant developmental disorders,42,
developmental abnormalities of the eye,587,
brain abnormalities,242,
developmental defects,880,
inherited metabolic disorder,337,
galactosemia,366,
disorder of inappropriate apoptosis,624,
Huntington disease,66,
PWS,459,
von Hippel-Lindau disease tumour,18,
VHL,1125,
haemangioblastoma,409,
VHL,678,
VHL,1033,
VHL,796,
sporadic renal cell carcinoma,375,
VHL,1451,
VHL,1630,
VHL,351,
von Hippel-Lindau ( VHL ) disease,4,
VHL,1336,
"retinal , cerebellar and spinal haemangioblastomas",211,
VHL,527,
VHL,954,
VHL,159,
VHL,1731,
VHL,1551,
breast cancer,618,
hereditary breast cancers,413,
fish-eye disease,104,
inherited human disorder,78,
FED,1063,
fish-eye disease,335,
FED,625,
A-T,414,
cerebellar ataxia,765,
parenchymal tumours of the kidney,112,
VHL,189,
VHL,958,
VHL,35,
renal cell carcinomas,626,
VHL,846,
renal cell carcinomas,416,
EMDM,643,
Emery-Dreifuss muscular dystrophy,607,
EDMD,793,
HNPCC,232,
sporadic tumours,256,
Norrie disease,20,
ND,36,
ND,98,
ND,515,
X-linked recessive neurological disorder,1036,
Norrie disease,81,
G6PD deficiency,514,
chronic nonspherocytic hemolytic anemia,406,
G6PD deficiency,1219,
glucose-6-phosphate dehydrogenase ( G6PD ) deficiency,205,
behavioral abnormalities,307,
HD,746,
HD,246,
chromosome abnormalities,812,
glucose-6-phosphate dehydrogenase deficiency,21,
G6PD deficiency,21,
PAH-deficient,446,
PAH-deficient,715,
autosomal recessive disorder,40,
deficiency of hepatic phenylalanine hydroxylase,81,
benign familial neonatal convulsions,151,
idiopathic epilepsies,923,
autosomal dominant nocturnal frontal lobe epilepsy,190,
autosomal dominant nocturnal frontal lobe epilepsy,364,
hereditary breast cancer,1686,
male breast cancer,975,
AT,1070,
AT,68,
cancer,1055,
chromosomal fragmentation during meiosis,56,
growth retardation,36,
Immune defects,768,
infertility,553,
ataxia-telangiectasia,438,
thymic lymphomas,1171,
inherited human disease,30,
tumor,1422,
behavioral abnormalities,1100,
deficiencies of complement components,1112,
Neisseria meningitidis,128,
bacterial infections,73,
Complement C7 deficiency,0,
C7D,27,
HPRT-APRT-deficient,0,
behavioral abnormalities,1108,
HPRT-APRT-deficient,700,
deficiency of APRT,493,
HPRT-deficiency,532,
HPRT-deficient,211,
APRT deficiency,878,
APRT-HPRT-deficient,979,
HPRT-deficient,440,
Complete hypoxanthine-guanine phosphoribosyl-transferase ( HPRT ) deficiency,0,
Atm-deficient,508,
thymomas,285,
Atm-deficient,409,
Atm-deficient,296,
Atm-deficient,137,
tumor,678,
DCC-negative tumors,1008,
stage III disease,1102,
stage II and stage III colorectal carcinomas,824,
stage II colorectal carcinomas,1310,
tumor,323,
stage III cancers,1426,
tumors,911,
stage II and III colorectal carcinomas,523,
tumor,655,
stage II or stage III colorectal cancer,1265,
colorectal cancer,220,
anxiety-related personality traits,739,
atelosteogenesis type 2,41,
ACG1B,273,
DTDST chondrodysplasias,326,
AO2,802,
DTD,768,
ACG1B,1724,
atelosteogenesis type 2,209,
achondrogenesis type 1B,247,
AO2,1609,
AO2,520,
diastrophic dysplasia,17,
AO-2,457,
AO2,1223,
DTD,1616,
WAS,31,
isolated thrombocytopenia,1172,
WAS,267,
X-linked immunodeficiency disease,42,
Wiskott-Aldrich syndrome,4,
WAS,1263,
WAS,148,
WAS,1337,
adenomatous polyposis coli,222,
APC,874,
AAPC,1093,
APC,966,
attenuated adenomatous polyposis coli,411,
Familial adenomatous polyposis,0,
APC,251,
FAP,33,
adenomatous polyps,136,
APC,328,
AAPC,451,
hereditary breast and ovarian cancer,391,
renal hamartomas,186,
Autosomal dominant primary hyperparathyroidism and jaw tumor syndrome,0,
renal hamartomas,86,
cystic kidney disease,107,
JT,505,
primary HPT,838,
parathyroid tumor,1615,
MEN1,1261,
adult renal hamartomas,241,
Hereditary hyperparathyroidism-jaw tumor syndrome,0,
HPT,497,
renal hamartomas ,1662,
jaw tumor,1599,
autosomal dominant disease,67,
multiple endocrine neoplasia ( MEN ) types 1 and 2,1026,
tumor,1856,
cystic kidney disease,267,
JT,580,
HPT-JT,52,
MEN2,1270,
breast and ovarian cancer,346,
cancer,266,
breast and 79 ovarian cancer,651,
"breast , ovarian , or other cancers",857,
breast cancer,1264,
A-T,262,
A-T,1052,
ataxia-telangiectasia,65,
immunodeficiency,140,
cancer-prone,229,
A-T,512,
autosomal recessive disorder,36,
cancer predisposition,161,
A-T,89,
cerebellar degeneration,114,
breast and / or ovarian cancer,241,
male breast cancer,642,
male breast cancer,32,
male breast cancer,828,
inherited breast / ovarian cancer,127,
male breast cancer,506,
Duarte and Los Angeles variant galactosemia,20,
Duarte enzyme variant of galactosemia,47,
LA variant of galactosemia,1713,
breast cancer,98,
cancers,652,
breast cancer,817,
breast cancer,732,
metastatic tumors,147,
breast carcinomas,455,
breast cancer,403,
DM,164,
DM,139,
autoimmune manifestations,734,
ataxia-telangiectasia,19,
SPG,372,
PLP-associated disease,937,
nystagmus,528,
Pelizaeus-Merzbacher disease,153,
X-linked spastic paraplegia,342,
ovarian cancer,61,
breast cancer,43,
severely handicapped,226,
short stature,252,
defective formation of type II collagen,60,
Kniest dysplasia,605,
chondrodysplasia,29,
alkaptonuria,1463,
"brain, breast, and prostate cancer",68,
glioblastoma,281,
metastasis,796,
cancers,191,
primary glioblastomas,453,
tumor,98,
predisposition to WT,405,
kidney cancer,89,
sporadic Wilms tumours,261,
juvenile granulosa cell tumour,517,
Wilms tumour,105,
inherited disorder of skeletal muscle,44,
C9 deficiency ,549,
Deficiency of terminal complement components,224,
neisseria infections,308,
inherited C9 deficiency,383,
C9 deficiency,890,
C9 deficiency,442,
breast cancer,1215,
breast cancer,702,
ovarian cancer,972,
breast cancer,1450,
breast cancers,1246,
breast cancer,630,
ovarian cancer,724,
breast and ovarian cancer,1005,
breast and ovarian cancer,832,
breast cancer,423,
breast cancer,940,
ovarian cancer,1391,
pancreatic tumors,488,
tumor types,357,
solid tumors,182,
tumour,118,
breast and / or ovarian cancer,83,
estrogen receptor-positive breast carcinomas,1020,
breast carcinomas,137,
cancer ,268,
cancer,578,
tumours,866,
Duarte galactosemia,436,
galactosemia,1109,
galactosemia,822,
galactosemia,706,
classical and ,422,
genetic disorder,28,
alveolar rhabdomyosarcoma,116,
hematopoietic and solid tumors,41,
alveolar rhabdomyosarcoma,214,
solid tumor,202,
cancer-associated diseases,41,
Li-Fraumeni syndrome,94,
ataxia-telangiectasia,68,
acute radiation toxicity,1264,
T-cell lymphomas,395,
tumour,740,
autosomal dominant multisystem disorder,60,
DM,894,
DM,860,
DM,190,
neuromuscular disease,403,
Myotonic dystrophy,0,
Krabbe disease,41,
Adult onset globoid cell leukodystrophy,0,
Krabbe disease,120,
adult onset globoid cell leukodystrophy,78,
diminished GALC activity,461,
spastic paraplegia,382,
AO-GLD,1394,
GLD,1709,
AO-GLD,137,
diminished GALC activity,1014,
IF-GLD,1602,
