text,start,count
breast and ovarian cancer,72,
inherited,62,
tumour,678,
inherited breast and ovarian cancer,62,
inherited breast and ovarian,62,
breast,72,
ovarian cancer,83,
Ovarian cancer,0,
ovarian cancer,889,
inherited cancer,1415,
breast cancer,1244,
breast cancer,92,
syndrome,1432,
hereditary ovarian cancer,1192,
cancer,503,
hereditary breast and ovarian cancer,742,
ovarian cancer,764,
ovarian cancer,125,
hereditary breast,742,
breast cancer,632,
myotonic dystrophy,91,
myotonic dystrophy unstable (CTG)n,91,
DM,1123,
Myotonic,0,
Myotonic dystrophy ( DM,0,
CTG,49,
DM,437,
dysfunction of a number of transcription units in the vicinity,536,
CTG ) n trinucleotide repeat expansion,49,
DM,21,
Myotonic dystrophy,0,
hereditary,52,
hereditary retinoblastoma,52,
familial or sporadic bilateral retinoblastoma,73,
sporadic bilateral retinoblastoma,85,
retinoblastoma,104,
familial,73,
Type II human complement C2 deficiency,0,
impaired C2 secretion,120,
C2 deficiency,25,
C2 deficiency,245,
C2 deficiency,27,
Type II complement protein C2 deficiency,0,
selective block in C2 secretion,63,
C2 secretion is impaired,494,
Type II deficiency,297,
Type II C2 deficiency,522,
Type I C2 deficiency,238,
type IID von Willebrand disease,88,
von Willebrand disease,97,
IID,146,
type,1303,
defective multimer formation,1271,
type IID von Willebrand disease,141,
type IID von Willebrand disease,1303,
Wiskott-Aldrich,0,
Wiskott-Aldrich syndrome,0,
syndrome,16,
WAS,837,
Wiskott-Aldrich,168,
WAS,195,
Wiskott-Aldrich syndrome,168,
syndrome,184,
X-linked adrenoleukodystrophy,0,
idiopathic Addison's disease,53,
X-linked,0,
idiopathic,53,
Addison's,64,
adrenoleukodystrophy,9,
disease,74,
elevated plasma concentrations of very long chain fatty acids,1054,
Adrenomyeloneuropathy,442,
Adrenal,546,
with,1333,
adrenomyeloneuropathy with cerebral involvement,1311,
AMN,619,
Addisons disease,570,
ALD,221,
adrenomyeloneuropathy,1311,
X-Linked adrenoleukodystrophy,0,
cerebral ALD,626,
the,92,
AMN,466,
cerebral involvement,1338,
ALD,686,
ALD,635,
cerebral,626,
idiopathic adrenocortical insufficiency,981,
demyelination,75,
idiopathic Addisons,1455,
cerebral ALD,1288,
AMN or cerebral ALD,619,
central,96,
X-Linked,0,
Addisons disease,749,
nervous,104,
accumulation of very long chain fatty acids in tissue and body fluids,149,
ALD,1428,
adrenoleukodystrophy,9,
idiopathic Addisons disease,1455,
preclinical AMN,1373,
"adrenal insufficiency , and accumulation of very long chain fatty acids in tissue and body fluids",121,
AMN,1385,
Adrenomyeloneuropathy ( AMN,442,
ALD,1297,
ALD,368,
system,112,
of,89,
insufficiency ( Addisons disease,554,
X-Linked adrenoleukodystrophy ( ALD,0,
ALD,727,
ALD,32,
primary idiopathic adrenocortical insufficiency,973,
Tumor,0,
prostate,41,
human prostate carcinoma,35,
prostate carcinoma,41,
human prostate carcinoma,1506,
prostatic adenocarcinoma,918,
male cancer,47,
carcinomas,290,
tumor,1485,
prostate carcinoma,1512,
prostate adenocarcinoma,1445,
prostate adenocarcinoma 1,1445,
prostate adenocarcinoma,1037,
male,47,
Prostate secretory epithelial cells and androgen-dependent prostate carcinomas,222,
prostate,281,
carcinomas,389,
prostate,380,
cancer,52,
adenocarcinoma,1454,
tumor,874,
Prostate cancer,0,
prostate carcinomas,380,
prostatic adenocarcinoma,1624,
prostatic,1624,
prostate carcinomas,281,
and,53,
other cancers,57,
carcinoma,43,
breast,36,
other,57,
breast carcinoma,36,
breast,1152,
and,404,
familial breast and ovarian cancer,388,
carcinoma,606,
sporadic breast cancers,1143,
sporadic,469,
tumour,1381,
cancers,497,
these,186,
breast,658,
breast carcinoma,1307,
breast cancer,914,
tumour,1222,
breast,914,
tumour,821,
pancreatic tumour,1370,
cancer,416,
breast,397,
cancer,665,
breast cancers,1152,
familial breast,388,
ovarian,489,
cancer,921,
pancreatic,1370,
familial,388,
breast and ovarian cancers,478,
sporadic breast and ovarian cancers,469,
carcinoma,1314,
breast,599,
breast,478,
tumour,192,
cancers,262,
breast and ovarian cancer,397,
tumour,37,
breast cancer,729,
cancer,1456,
breast,729,
pancreatic,1445,
ovarian,408,
breast,1307,
pancreatic cancer,1445,
breast carcinoma,599,
cancer,736,
sporadic,253,
cancers,1159,
and,485,
sporadic,1143,
familial breast cancer,649,
hereditary,28,
cancer,58,
hereditary breast and ovarian cancer,28,
breast and ovarian cancer,48,
melanoma,1465,
breast-ovarian cancer,1197,
"prostatic , pancreas , skin , and lung cancer",1405,
cancer,1444,
"prostatic , pancreas",1405,
cancer,1795,
1 breast-ovarian cancer,1195,
ovarian,1597,
lung cancer,1439,
"prostatic , pancreas , skin , and lung cancer , a malignant melanoma , an oligodendroglioma , and a carcinosarcoma",1405,
ovarian cancer,1092,
prostatic,1405,
ovarian cancers,1834,
oligodendroglioma,1479,
skin,1428,
ovarian cancer,1597,
a malignant melanoma,1453,
hereditary,1777,
hereditary breast cancer,1777,
carcinosarcoma,1505,
breast cancer,1788,
malignant,1455,
tumor,1339,
malignant melanoma,1455,
breast-ovarian cancer,1024,
breast,48,
12,1531,
Ovarian,118,
Ovarian Cancer,118,
Cancer,126,
Familial Ovarian,109,
Familial,109,
Familial Ovarian Cancer,109,
ovarian,725,
or,722,
breast and / or ovarian cancer,709,
ovarian cancer,725,
breast / ovarian cancer,595,
breast,130,
and,716,
breast,709,
early-onset breast and / or ovarian cancer,118,
ovarian cancer,604,
breast and / or ovarian cancer,130,
early-onset,118,
breast,595,
syndrome,105,
Li-Fraumeni,93,
Li-Fraumeni syndrome,93,
mutation,25,
a mutation in codon 344,82,
Li-Fraumeni syndrome,43,
tumours,432,
mutation,388,
germline mutation,485,
leiomyosarcoma,659,
syndrome,55,
Li-Fraumeni,43,
tumour,113,
hereditary,43,
hereditary retinoblastoma,43,
retinoblastoma,54,
tumor,1304,
hereditary,66,
retinoblastoma,77,
hereditary retinoblastoma,66,
Huntington disease,73,
Huntington disease (HD,73,
HD,93,
HD,110,
HD,1690,
HD,1583,
Huntington disease ( HD,62,
of HD,1580,
Huntington disease,62,
Huntington,62,
HD,1098,
HD,83,
disease,73,
HD,1238,
with,57,
Canavan,86,
Canavan disease,86,
Canavan,487,
disease,1186,
Canavan disease,487,
Canavan disease,1178,
disease,495,
Canavan,1738,
Canavan,0,
loss of enzymatic activity,242,
Canavan disease,153,
autosomal recessive trait,35,
disease,8,
Canavan disease,0,
Canavan disease,1738,
Canavan,1178,
ataxia-telangiectasia,59,
A-T,83,
Wiskott-Aldrich syndrome,25,
syndrome,73,
Wiskott-Aldrich syndrome,57,
lymphoreticular disease,793,
Wiskott-Aldrich syndrome,881,
T cell-mediated fatal lymphoreticular disease,771,
Wiskott-Aldrich,881,
scurfy,760,
syndrome,897,
Wiskott-Aldrich,57,
lymphocytic infiltration,1034,
familial,43,
fever,66,
Mediterranean,52,
Colchicine in breast milk,0,
familial Mediterranean fever,43,
FMF,435,
fever,185,
FMF,1213,
familial Mediterranean fever ( FMF,162,
familial,162,
Mediterranean,171,
FMF,193,
familial Mediterranean fever,162,
mild myopathy,63,
Abnormal myotonic dystrophy,0,
myotonic dystrophy,9,
hypertrophic cardiomyopathy,546,
DMPK,116,
neonatal mortality,587,
DM-protein kinase,96,
Myotonic dystrophy ( DM,0,
DM symptoms,650,
DM,650,
fibre-type dependent atrophy,676,
hypertrophic cardiomyopathy and enhanced neonatal mortality,546,
DM,21,
myotonia,707,
hypertrophic,546,
DM-protein,96,
DMPK,168,
male-infertility,731,
Myotonic dystrophy,0,
DMPK,833,
enhanced neonatal mortality,578,
cataract,718,
Myotonic,0,
progressive,72,
late onset progressive myopathy,61,
myotonic dystrophy,17,
late,61,
onset,66,
progressive myopathy,72,
myopathy,84,
decrease in force generation,563,
DM,207,
late-onset,301,
"Muscles from mature mice show variation in fibre size , increased fibre degeneration and fibrosis",393,
50,558,
Myotonic,0,
dystrophy,9,
DM,788,
Myotonic dystrophy ( DM,0,
progressive skeletal myopathy,314,
fibrosis,482,
increased fibre degeneration,449,
Myotonic dystrophy,0,
variation in fibre size,423,
DM,21,
DM,388,
ultrastructural changes in muscle and a 50 % decrease in force generation,518,
"late-onset , progressive skeletal myopathy",301,
embryonic cellular proliferation,48,
tumor,4,
tumor suppressor,4,
mouse,88,
reduced cell proliferation accompanied by decreased expression of cyclin E and mdm-2,549,
Mutant embryos,279,
breast and ovarian cancers,76,
mutant blastocyst growth,828,
Mutations,0,
reduced cell proliferation,549,
apoptosis,530,
breast,76,
extraembryonic region is abnormal,362,
embryogenesis,263,
disease,25,
heart,19,
coronary,10,
coronary heart disease,10,
CHD,892,
CHD,819,
CHD,1096,
disease,143,
coronary,128,
CHD,1239,
CHD,720,
CETP,1271,
CHD,153,
heart,137,
CHD,1365,
CHD,1332,
coronary heart disease,128,
retinoblastoma,38,
Wiskott-Aldrich,0,
Wiskott-Aldrich syndrome,0,
syndrome,16,
thrombocytopenia,140,
classical WAS,792,
Wiskott-Aldrich syndrome,4,
X-linked,131,
WAS,802,
syndrome,20,
Wiskott-Aldrich,4,
WAS,103,
X-linked thrombocytopenia,131,
severe eye abnormalities,68,
Small eye,20,
Small eye,436,
hypoplasia,172,
lack eyes and nasal cavities,201,
eyes and,206,
nasal cavities,215,
lack,201,
lack eyes and nasal cavities and exhibit brain abnormalities,201,
iris hypoplasia,167,
eye,26,
Aniridia,0,
lack eyes,201,
iris,167,
exhibit brain abnormalities,234,
Small,20,
inherited metabolic disorder galactosemia,337,
metabolic disorder galactosemia,347,
galactosemia,1502,
galactosemia,366,
inherited,337,
Apoptosis,0,
disease,77,
HD,610,
HD,87,
Huntington,66,
apoptosis,650,
apoptosis,235,
Huntington disease ( HD,66,
HD,327,
Huntington disease,66,
sporadic breast / ovarian tumorigenesis,139,
breast / ovarian cancer,67,
Prader-Willi syndrome,69,
PWS,459,
PWS,529,
PWS,172,
Prader-Willi syndrome ( PWS,106,
Prader-Willi syndrome,106,
PWS,130,
disease,36,
Hippel-Lindau,22,
Hippel-Lindau disease,22,
von Hippel-Lindau disease,18,
tumour,44,
VHL,678,
renal,384,
sporadic renal cell carcinoma,375,
"retinal , cerebellar and spinal haemangioblastomas , renal cell carcinoma and phaeochromocytoma",211,
VHL,1451,
VHL,351,
VHL,1336,
normal human development,1801,
renal cell carcinoma,264,
von Hippel-Lindau ( VHL ) disease,4,
phaeochromocytoma,289,
VHL,527,
cell,390,
VHL,796,
cerebellar,221,
haemangioblastoma,409,
VHL,1630,
carcinoma,395,
VHL,24,
VHL,1551,
Hippel-Lindau,8,
haemangioblastomas,243,
VHL,159,
"retinal , cerebellar and spinal haemangioblastomas",211,
VHL,954,
renal cell carcinoma and haemangioblastoma,384,
carcinoma,275,
cerebellar and spinal,221,
VHL,1125,
VHL,1033,
retinal,211,
VHL-mediated,1731,
von Hippel-Lindau,4,
renal,264,
cancer,43,
breast,36,
hereditary breast cancer,25,
hereditary,25,
cancer,203,
breast,1372,
high-risk breast cancer,608,
hereditary breast cancers,413,
hereditary breast cancer,330,
hereditary,330,
breast,31,
breast cancer,618,
hereditary breast cancer,185,
hereditary,1361,
hereditary breast cancer,1361,
breast or ovarian cancer,526,
North American hereditary breast cancers,398,
cancer,1379,
breast,196,
hereditary,1521,
breast cancer,31,
hereditary breast cancer,1521,
cancer,38,
hereditary,515,
breast or ovarian cancer,717,
hereditary,413,
hereditary breast or ovarian cancer,515,
disease,113,
fish-eye disease,104,
fish-eye,104,
disease,344,
h FE,1061,
fish-eye,335,
fish-eye disease,335,
FED,354,
FED,625,
ataxia-telangiectasia,48,
A-T,60,
ataxia,776,
cerebellar,765,
A-T,414,
A-T,948,
cerebellar ataxia,765,
ataxia-telangiectasia,36,
A-T,195,
A-T,1040,
carcinomas,100,
non-papillary renal cell carcinomas,75,
non-papillary renal cell carcinomas,346,
papillary renal cell tumours,667,
chromophobe renal cell carcinomas,614,
non-papillary,1017,
non-papillary renal cell carcinoma,1017,
non-papillary,346,
renal oncocytomas,704,
carcinomas,481,
sporadic,66,
renal cell carcinomas,416,
carcinomas,427,
cell carcinomas,81,
chromophobe renal cell carcinomas,404,
renal cell,75,
parenchymal tumours,112,
renal,470,
tumours of the kidney,124,
sporadic renal cell carcinomas,66,
cell,476,
chromophobe,404,
renal cell carcinomas,626,
non-papillary renal cell carcinomas,456,
Emery-Dreifuss muscular dystrophy,4,
Emery-Dreifuss,607,
EMDM,643,
Emery-Dreifuss muscular dystrophy ( EMDM,607,
dystrophy,631,
EDMD,793,
muscular,622,
Emery-Dreifuss muscular dystrophy,607,
endometrial,20,
cancer,32,
endometrial cancer,20,
tumours,265,
colorectal,212,
carcinomas,562,
endometrial,550,
endometrial carcinoma,806,
endometrial carcinoma,774,
nonpolyposis,199,
endometrial carcinomas,550,
cancer,223,
hereditary,188,
hereditary nonpolyposis colorectal cancer,188,
endometrial,774,
carcinoma,786,
carcinoma,818,
HNPCC,232,
endometrial,806,
Norrie disease,20,
Norrie disease (ND,20,
Norrie,20,
disease,27,
ND,69,
ND,36,
ND,917,
ND,98,
ND,156,
disease,88,
Norrie disease ( ND,81,
Norrie disease,81,
neurological disorder,1055,
ND,201,
retrolental structures in the vitreous body,533,
recessive neurological,1045,
disorganization of the retinal ganglion cell layer,599,
Norrie,81,
ND,515,
alveolar rhabdomyosarcoma,39,
rhabdomyosarcoma,48,
alveolar,39,
ability for anchorage-independent growth,793,
transformation the cells become enlarged,687,
in multiple layers,756,
alveolar,10,
grow tightly packed,732,
Pediatric alveolar rhabdomyosarcoma,0,
Pediatric,0,
rhabdomyosarcoma,19,
glucose-6-phosphate dehydrogenase mutations,95,
severe enzyme deficiency,147,
G6PD deficiency,514,
chronic nonspherocytic,406,
G6PD deficiency,1219,
red-blood-cell glucose-6-phosphate dehydrogenase ( G6PD ) deficiency,190,
more-severe G6PD deficiency,502,
chronic nonspherocytic hemolytic anemia,406,
class I G6PD,703,
G6PD Bari,778,
G6PD Portici,736,
nonspherocytic hemolytic anemia,414,
G6PD,736,
hemolytic,429,
deficiency,248,
severe G6PD deficiency,1212,
chronic,406,
anemia,439,
glucose-6-phosphate dehydrogenase ( G6PD ) deficiency,205,
red-blood-cell,190,
red-blood-cell glucose-6-phosphate dehydrogenase ( G6PD,190,
G6PD-normal,950,
G6PD,711,
myotonic dystrophy,81,
DM,163,
myotonic dystrophy ( DM,21,
DM,42,
DM,340,
myotonic dystrophy,21,
myotonic dystrophy,1154,
DM,657,
lipoma,1754,
primary,1776,
lipomas,1784,
Huntington disease,119,
Huntington disease,24,
HD,175,
HD,1029,
HD,503,
HD,246,
HD,92,
HD,746,
Huntington disease ( HD,24,
HD,804,
CAG expansion,138,
CAG expansion,53,
HD,45,
sporadic aniridia,31,
aniridia,678,
phenotype cosegregated with chromosome abnormalities,784,
bilateral sporadic aniridia,36,
familial aniridia,744,
aniridia,503,
aniridia,324,
dehydrogenase,41,
glucose-6-phosphate dehydrogenase deficiency,21,
glucose-6-phosphate,21,
Muscle expression of glucose-6-phosphate dehydrogenase deficiency,0,
deficiency,55,
G6PD deficiency,21,
G6PD,451,
Muscle expression of G6PD deficiency,0,
G6PD,21,
deficiency,26,
G6PD,754,
G6PD,108,
phenylketonuria,17,
PKU,188,
PKU,28,
phenylketonuria,10,
PKU,1001,
Classical phenylketonuria ( PKU,0,
frontal lobe epilepsy,393,
autosomal,364,
"benign familial neonatal convulsions , autosomal dominant nocturnal frontal lobe epilepsy , and low-voltage EEG",151,
epilepsy,232,
autosomal dominant nocturnal frontal lobe epilepsy,190,
idiopathic,923,
low-voltage EEG,247,
frontal lobe epilepsy,219,
epilepsies,934,
familial neonatal convulsions,158,
benign,151,
convulsions,176,
autosomal,190,
benign familial neonatal convulsions,151,
autosomal dominant nocturnal frontal lobe epilepsy,364,
breast cancer,388,
inherited breast / ovarian cancer,276,
breast cancer,907,
breast cancer,153,
inherited breast cancer,55,
inherited breast cancer,378,
breast cancer,65,
hereditary breast cancer,1686,
breast cancer,980,
breast cancer,1697,
breast cancer,1178,
breast / ovarian cancer,286,
breast cancer,250,
cancer,303,
familial breast cancer,241,
AT,1070,
ataxia-telangiectasia,20,
cancer,1055,
AT,266,
apoptosis,510,
AT,44,
no growth defect,1006,
cellular defects,246,
meiosis,89,
during,82,
thymic,118,
growth,36,
immune,98,
defects,105,
thymic lymphoma,118,
chromosomal fragmentation during meiosis,56,
retardation,43,
chromosomal,56,
fragmentation,68,
lymphoma,125,
age,1215,
fragmentation,752,
infertility,553,
somatic,1379,
before,1196,
inherited human disease ataxia-telangiectasia,30,
months,1205,
growth-retarded,515,
lymphomas,1178,
of,1376,
meiotic,595,
synapsis,717,
Meiosis,613,
normal,1023,
behavioral,1100,
viable,506,
4,1203,
ataxia-telangiectasia,54,
no,1091,
die,1192,
ataxia-telangiectasia,438,
normal,1362,
abnormal,696,
meiosis,1348,
chromosome,741,
chromosomal,705,
failure,603,
impairment of T-cell-dependent immune responses,935,
abnormalities,1111,
suppression,1428,
thymic lymphomas,1171,
tissues,1387,
of,1212,
immune,1397,
thymic,1171,
growth,1369,
gross,1094,
tumor,1422,
infertile,537,
development,1404,
cardiac and muscle symptoms,1105,
VLCAD deficiency,1170,
VLCAD deficiency,1296,
C6 and C7 deficiencies,104,
deficiencies of C6 and C7,37,
C6,104,
Combined subtotal deficiency of C6 and C7,0,
deficiency of C6 and C7,18,
C6 or C7 deficiency,849,
complement C7,23,
complement C7 deficiency,23,
C7 deficiency,34,
C7D,199,
recurrent,63,
recurrent bacterial infections,63,
infections,83,
C7D,1068,
bacterial,73,
C7D,1006,
Neisseria meningitidis,128,
Complement C7 deficiency,0,
Complement C7 deficiency ( C7D,0,
C7D,27,
lesch-nyhan syndrome,45,
deficiency of APRT in combination with HPRT-deficiency,493,
APRT-HPRT-deficient,979,
self-mutilation behavior,568,
deficiency of APRT,493,
Lesch-Nyhan syndrome,102,
compulsive self-injurious behavior,174,
HPRT-deficiency,532,
HPRT-deficient,440,
Lesch-Nyhan syndrome,334,
self-injurious behavior,928,
Lesch-Nyhan,334,
Lesch-Nyhan,1153,
compulsive,174,
Lesch-Nyhan syndrome,1153,
HPRT-deficient,211,
HPRT-APRT-deficient,700,
APRT deficiency,878,
hypoxanthine-guanine phosphoribosyl-transferase ( HPRT ) deficiency,9,
doubly-deficient,740,
Complete hypoxanthine-guanine phosphoribosyl-transferase ( HPRT ) deficiency,0,
colorectal cancers,46,
cancers,57,
human colorectal cancers,40,
human colorectal,40,
tumor-suppressor,177,
cancers,323,
colorectal cancers,410,
pancreatic cancers,312,
of colorectal canc,956,
her tumor-suppres,1134,
tumor-suppressor,270,
s a tumor-suppres,916,
31 cance,840,
y colorectal cance,533,
pancreatic,312,
colorectal cancers,90,
in colorectal canc,1037,
ataxia-telangiectasia,23,
ataxia-telangiectasia protein-deficient,23,
Pleiotropic defects in ataxia-telangiectasia,0,
Atm-deficient,508,
Atm-deficient,296,
Atm-deficient,137,
severe defects in T cell maturation,223,
develop thymomas,277,
ataxia-telangiectasia,575,
thymomas,285,
ataxia-telangiectasia,36,
Atm-deficient,409,
retarded in growth,160,
do not produce mature sperm,181,
colorectal cancer,33,
ve tumo,1018,
th stage II and stage III colorectal carcinom,821,
tumo,655,
ith lesi,1397,
f tumo,676,
II colorectal carcinom,844,
th stage,885,
ith stage,1261,
DCC,203,
In stage II colorectal carcino,1307,
ike stage III canc,1422,
se tumo,908,
d stage II and III colorectal carcinoma,521,
th stage II disea,885,
h curatively resecte,501,
stage II colorectal cancer,84,
tumor,323,
ith stage II or stage III colorectal can,1261,
nd stage III colorectal carcinom,834,
th DCC-negative tumo,1005,
th stage,821,
th stage I,1099,
colorectal cancer,220,
or stage III colorectal can,1274,
th stage III disea,1099,
colorectal carcinoma,361,
I colorectal carcinoma,538,
tumor cells,323,
polymorphism,45,
anxiety-related,15,
traits,31,
antianxiety,213,
antidepressant,194,
anxiety-related,739,
2,63,
dysplasia,81,
diastrophic,69,
atelosteogenesis,41,
diastrophic dysplasia,69,
type,58,
atelosteogenesis type 2,41,
DTD,473,
chondrodysplasias,332,
diastrophic,177,
ACG1B,273,
diastrophic dysplasia,177,
atelosteogenesis,209,
DTD,794,
the,303,
achondrogenesis,247,
h AO,1221,
dysplasia,29,
achondrogenesis type 1B,247,
diastrophic,17,
DTD,201,
DTD,808,
r DT,1614,
d ACG1,1722,
dysplasia,189,
AO-2,457,
DTD,526,
h AO,1607,
2,231,
AO2,802,
atelosteogenesis type 2,209,
AO2,520,
1B,268,
AO2,235,
diastrophic dysplasia,17,
type,263,
type,226,
Wiskott-Aldrich,111,
syndrome,127,
Wiskott-Aldrich syndrome,111,
WAS,31,
classical WAS,525,
isolated thrombocytopenia,1172,
immunodeficiency,51,
WAS,313,
WAS,535,
thrombocytopenia,1181,
mild forms of the disease,561,
WAS,1263,
Wiskott-Aldrich syndrome,4,
syndrome,20,
Wiskott-Aldrich syndrome ( WAS,4,
Wiskott-Aldrich,4,
unrelated,470,
WAS,480,
immunodeficiency disease,51,
extensive clinical heterogeneity,188,
WAS,1561,
WAS,134,
adenomatous polyposis,120,
attenuated adenomatous polyposis coli,109,
adenomatous polyposis coli,222,
colorectal cancer,73,
AAPC,1093,
AAPC,451,
FAP,296,
Familial adenomatous polyposis ( FAP,0,
colorectal region,176,
APC,966,
AAPC,589,
attenuated adenomatous polyposis coli,411,
adenomatous polyposis coli ( APC,222,
Familial adenomatous polyposis,0,
APC,251,
numerous adenomatous polyps,127,
FAP,33,
APC,328,
attenuated adenomatous polyposis coli ( AAPC,411,
adenomatous polyposis coli ( AAPC,422,
APC,874,
sporadic tumors,333,
breast-ovarian cancer,75,
tumor,229,
tumour,720,
breast cancer,638,
breast,638,
mediating,710,
tumour suppression,720,
hereditary breast and ovarian cancer,4,
cancer,645,
hereditary breast and ovarian cancer,391,
breast and ovarian cancer,402,
hereditary,391,
cancer,421,
breast and ovarian,402,
dominant,10,
primary hyperparathyroidism,19,
with,81,
and,47,
Autosomal,0,
renal hamartomas,186,
renal hamartomas and cystic kidney disease,86,
Autosomal dominant primary hyperparathyroidism and jaw tumor syndrome,0,
tumor,55,
jaw tumor syndrome,51,
hyperparathyroidism,27,
primary,19,
renal,86,
renal hamartomas,86,
Autosomal dominant primary hyperparathyroidism,0,
jaw,51,
hamartomas,92,
syndrome,61,
Loss of heterozygosity,1470,
HPT,497,
polycystic,675,
multiple endocrine neoplasia,1026,
hamartomas,1668,
renal hamartomas,1514,
adult,241,
multiple endocrine neoplasia ( MEN,1026,
HPT-JT syndrome,380,
HPT-JT,52,
lesions,426,
JT,505,
cystic,267,
adult renal hamartomas,241,
jaw tumor,1599,
loss of heterozygosity,1686,
Hereditary hyperparathyroidism-jaw tumor syndrome ( HPT-JT,0,
MEN,1057,
HPT and JT,497,
jaw tumor and a parathyroid tumor,1599,
JT,580,
renal,420,
parathyroid tumor,1615,
HPT-JT syndrome,216,
primary HPT,838,
HPT,846,
renal hamartomas,1662,
renal,1662,
primary,838,
HPT-JT,216,
syndrome,223,
MEN1,1261,
autosomal,761,
Hereditary hyperparathyroidism-jaw tumor syndrome,0,
renal hamartomas,247,
adult renal hamartomas or cystic kidney disease,241,
tumor,1856,
polycystic kidney disease,675,
HPT-JT,380,
MEN2,1270,
G6PD deficient,327,
enzyme deficiency ( class III,703,
favism,379,
class,723,
clinical,370,
clinical favism,370,
III,729,
and,353,
cancer,1033,
breast and ovarian cancer,41,
ovarian,866,
heritable cancer,256,
ovarian,1484,
cancer,365,
breast,651,
and,1480,
heritable,256,
breast and 79 ovarian cancer,651,
breast,41,
cancers,885,
breast,1473,
cancers,1492,
ovarian,357,
etiologically,1358,
breast,1264,
significant,1372,
ovarian,52,
cancer,976,
ovarian cancer,665,
breast,346,
breast cancer,1264,
ovarian,665,
cancer,673,
breast and ovarian cancer,346,
breast,857,
lesion,1384,
cancer,60,
"breast , ovarian , or other cancers",857,
polymorphism,1202,
cancer,266,
and,48,
cancer,1271,
breast and ovarian cancers,1473,
predisposition,273,
Ataxia-telangiectasia,0,
A-T,262,
A-T,1052,
"cerebellar degeneration , immunodeficiency and cancer predisposition",114,
ataxia-telangiectasia,65,
A-T,512,
A-T,89,
A-T,185,
autosomal recessive disorder ataxia-telangiectasia ( A-T,36,
ataxia-telangiectasia ( A-T,65,
cancer,54,
breast cancer,47,
breast,47,
male,42,
male breast cancer,42,
ovarian,257,
cancer,265,
cancer,518,
or,254,
inherited breast / ovarian cancer,127,
ovarian cancer,746,
male,506,
breast,37,
ovarian,371,
cancer,379,
breast,241,
ovarian,746,
cancer,654,
cancer,840,
ovarian cancer,257,
breast,833,
male breast cancer,32,
breast / ovarian cancer,872,
male breast cancer,828,
the inherited breast / ovarian cancer,123,
cancer,44,
breast,647,
male,828,
male breast cancer,506,
male,32,
breast cancer,511,
inherited,127,
breast,362,
and,248,
breast,872,
breast,137,
cancer,889,
breast,511,
breast / ovarian cancer,137,
cancer,154,
male,642,
breast cancer,37,
breast and / or ovarian cancer,241,
cancer,754,
male breast cancer,642,
ovarian,881,
breast cancer,833,
ovarian,146,
breast cancer,647,
breast / ovarian cancer,362,
and,27,
variant,43,
Angeles,35,
and Los Angeles variant galactosemia,27,
galactosemia,51,
Los,31,
Duarte and Los Angeles variant galactosemia,20,
Duarte,20,
galactosemia,1727,
galactosemia,72,
variant,1716,
Duarte enzyme variant of galactosemia,47,
D,91,
of,1724,
LA variant of galactosemia,1713,
LA,1713,
D,87,
human breast cancer,92,
cancer,105,
breast,98,
tumor,11,
breast cancer,98,
human,92,
tumors,158,
breast carcinomas,455,
transformation,105,
breast,732,
normal,702,
carcinomas,462,
breast cancer,817,
fibroblasts,73,
breast cancer patients,732,
tissue,716,
breast,709,
human,449,
breast cancer,403,
human breast cancer,397,
metastatic,147,
breast cancer,732,
cancer,739,
tumor,335,
breast,817,
cancer,410,
suppressor,341,
human breast carcinomas,449,
cancer,824,
human,811,
breast,455,
cellular,96,
breast,403,
instability,618,
intergenerational,1072,
DM,21,
somatic,1094,
DM,139,
Myotonic dystrophy ( DM,0,
instability,762,
mitotic,610,
triplet,754,
DM,658,
instability,1109,
instability,488,
instability,839,
and,1090,
repeat,1102,
Myotonic dystrophy,0,
autoimmune lymphoproliferative syndrome,48,
apoptosis,27,
ALPS,469,
and lymphadenopathy,682,
autoimmune lymphoproliferative syndrome,323,
ALPS,365,
Programmed cell death,0,
apoptosis,220,
lymphoproliferation,251,
severe autoimmune manifestations,727,
autoimmune lymphoproliferative syndrome ( ALPS,323,
ataxia-telangiectasia,4,
ATM,48,
ATM,510,
ATM,169,
ATM,771,
ATM,406,
ataxia-telangiectasia,560,
ATM,914,
ataxia-telangiectasia,19,
ataxia-telangiectasia gene,19,
shorter,811,
type,343,
life,427,
syndrome,365,
rupture,404,
adult,421,
aortic rupture,397,
aortic rupture in early adult life,397,
Ehlers-Danlos,351,
type,966,
major,919,
early,415,
blood,925,
aortic,397,
IV,971,
of,912,
vessels,931,
syndrome,988,
life,819,
much,806,
Ehlers-Danlos,974,
rupture,904,
embryogenesis,138,
fibrillogenesis,1119,
the,915,
IV Ehlers-Danlos,348,
in,412,
type IV Ehlers-Danlos syndrome,966,
rupture of the major blood vessels,904,
IV,348,
span,824,
type IV Ehlers-Danlos syndrome,343,
Pelizaeus-Merzbacher disease,102,
mental,574,
PMD,184,
Pelizaeus-Merzbacher disease,153,
disease,174,
PMD,446,
disease is progressive,668,
Pelizaeus-Merzbacher,153,
X-linked spastic paraplegia,342,
SPG,372,
Pelizaeus-Merzbacher disease ( PMD,153,
personality,640,
breast,44,
and ovarian cancer,51,
breast and ovarian cancer,44,
breast cancer,1321,
breast cancer,337,
breast cancer,43,
breast cancer,285,
young onset breast cancer and ovarian cancer,31,
highly penetrant mutations,101,
breast cancer and ovarian cancer,43,
mutations,188,
ovarian cancer,61,
breast and ovarian cancer,675,
breast or ovarian cancer,1193,
breast cancer,1489,
Kniest,0,
Kniest dysplasia,0,
dysplasia,7,
severely handicapped with short stature,226,
Kniest dysplasia,605,
dysplasia,7,
dysplasia,612,
Kniest dysplasia,0,
stature,258,
short,252,
joint,279,
Kniest,0,
Kniest,605,
mobility,285,
restricted,268,
alkaptonuria,69,
human alkaptonuria,1457,
alkaptonuria,1463,
alkaptonuria,1626,
Aspergillus,897,
human brain,62,
and,83,
cancer,96,
prostate cancer,87,
breast,75,
"breast, and prostate cancer",75,
prostate,87,
brain,68,
"brain, breast, and prostate cancer",68,
human,185,
breast cancer,388,
tumor,772,
cancer,395,
human cancers,185,
glioblastoma,281,
tumor,98,
cancer,350,
prostate,341,
breast,388,
glioblastomas,461,
prostate cancer,341,
tumor,696,
primary glioblastomas,453,
Schwartz-Jampel chondrodystrophic myotonia,17,
chondrodystrophic myotonia,33,
primary bone dysplasia,734,
d SJ,1674,
which may be secondary consequences of myotonia,637,
chondrodystrophic myotonia,37,
increased mortality,1262,
resembling Kniest dysplasia,1194,
bone dysplasia resembling Pyle disease,1286,
SJS,942,
age of manifestation,825,
mild skeletal changes,615,
Schwartz-Jampel syndrome ( SJS ; chondrodystrophic myotonia,4,
SJS,1384,
Pyle disease,1312,
increased mortality and bone dysplasia,1262,
"myotonia , short stature , and bone dysplasia",130,
clinical course,848,
recognizable at birth,1134,
e SJ,1619,
dysplasia,1184,
Jampel,1079,
mortality,1272,
type 1B,1101,
SJS type 2,1384,
bone dysplasia resembling Kniest dysplasia,1179,
moderate bone dysplasia,996,
manifest at birth,1237,
SJS,202,
recognized in childhood,965,
Aberfeld,1090,
Schwartz,1068,
Schwartz-Jampel syndrome ( SJS,4,
pattern of bone changes,868,
type 2,1228,
Kniest dysplasia,1205,
primary bone dysplasia with myotonia,734,
SJS,511,
SJS type 1A,941,
more pronounced bone dysplasia,1163,
bone changes,879,
acute myeloid leukemia,645,
sporadic,261,
Wilms,105,
sporadic Wilms tumours,261,
gonadal,387,
renal,367,
kidney,89,
juvenile,517,
"juvenile granulosa cell tumour , non-asbestos related mesothelioma , desmoplastic small round cell tumour",517,
granulosa cell tumour,526,
WT,120,
Denys-Drash syndrome,344,
kidney cancer,89,
mesothelioma,571,
Denys-Drash,344,
WT,423,
nephropathy,373,
Wilms tumour,105,
tumour,111,
"childhood kidney cancer , Wilms tumour",79,
non-asbestos related mesothelioma,550,
tumours,276,
childhood kidney cancer,79,
acute,645,
juvenile granulosa cell tumour,517,
Wilms tumours,270,
desmoplastic small round cell tumour,586,
autosomal,14,
autosomal dominant myotonia congenita,14,
Autosomal dominant myotonia congenita,0,
disorder of skeletal muscle,54,
aniridia,55,
simple aniridia,48,
simple,48,
aniridia,7,
aniridia,165,
mellitus,122,
insulin-dependent,95,
insulin-dependent diabetes mellitus,95,
diabetes mellitus,113,
IDDM,816,
IDDM,518,
IDDM,476,
IDDM,981,
IDDM,286,
IDDM,587,
IDDM,330,
IDDM2,149,
IDDM2,257,
insulin-dependent,105,
mellitus,132,
IDDM2,925,
IDDM2,765,
insulin-dependent diabetes mellitus,105,
C9 deficiency,393,
C9 deficiency,890,
heterozygous C9 deficiency,877,
membrane attack complex,110,
neisseria infections,308,
inherited C9 deficiency,383,
C9 deficiency,442,
recurrent neisseria infections,298,
C9 deficiency,549,
breast cancer,69,
th breast and ovarian canc,829,
ith breast can,1446,
breast cancer,112,
ot ovarian canc,721,
of bilateral breast canc,1202,
of breast canc,699,
of ovarian canc,969,
h breast cance,421,
al breast canc,1212,
of breast canc,627,
of breast canc,937,
of ovarian canc,1388,
of breast cance,1243,
of breast and ovarian canc,1002,
pancreatic cancer,53,
pancreatic,53,
pancreatic,806,
tumor,357,
pancreatic tumors,566,
pancreatic cancer,806,
pancreatic tumors,488,
pancreatic cancer,213,
tumors,188,
pancreatic tumors,730,
C9,37,
C9 deficiency,37,
C9-deficient,101,
pathway,198,
C9,951,
allografts,58,
pathway,242,
classical,232,
alternative,186,
defective C9,915,
low,221,
mismatched,40,
long-surviving,25,
mismatched kidney allografts,40,
activity,206,
C9 deficiency,951,
C9 deficiency,571,
deficiency,954,
normal,225,
kidney,51,
deficiency of C9,854,
no,183,
breast and ovarian cancer,31,
breast,31,
ESR mutations,14,
familial clustering of breast and / or ovarian cancer,60,
breast carcinomas,1047,
hormonal therapy resistance,989,
breast and / or ovarian cancer,83,
breast cancer,630,
estrogen receptor-positive breast carcinomas,1020,
breast carcinomas,137,
breast,630,
tumour,118,
breast and / or ovarian cancer and tumour,83,
cancer,268,
estrogen,1020,
C7 deficiency,19,
deficiency,22,
C7,19,
C7,23,
C7-deficient,592,
C7 deficiency,23,
classical,27,
galactosemia,48,
Duarte galactosemia,41,
classical and Duarte galactosemia,27,
and Duarte galactosemia,37,
Duarte galactosemia,436,
classical galactosemia,509,
classical,422,
galactosemia,1037,
Classical galactosemia,0,
galactosemia,1109,
galactosemia,443,
classical and Duarte galactosemia,422,
classical galactosemia,696,
galactosemia,822,
ataxia-telangiectasia,56,
A-T,572,
A-T,499,
A-T,890,
ataxia-telangiectasia,45,
A-T,69,
alveolar rhabdomyosarcoma,116,
rhabdomyosarcoma,125,
alveolar,116,
alveolar,214,
pediatric solid tumor alveolar rhabdomyosarcoma,192,
functional alterations,452,
alveolar rhabdomyosarcoma,214,
oncogenic effects,1106,
hematopoietic,41,
overexpression,586,
alveolar rhabdomyosarcoma,907,
pediatric solid,192,
rhabdomyosarcoma,223,
fusion product overexpression,516,
tumors,65,
hematopoietic and solid tumors,41,
solid tumors,59,
tumorigenesis,54,
apoptosis,25,
acute radiation toxicity,94,
diseases,59,
ataxia-telangiectasia,68,
acute radiation toxicity,1264,
T-cell lymphomas,395,
radiation,279,
irradiation-induced apoptosis,978,
apoptosis,909,
apoptosis,265,
human,1422,
proliferation,316,
cancer-associated,41,
thymocyte,473,
Li-Fraumeni syndrome,94,
ataxia-telangiectasia and Li-Fraumeni syndrome,68,
syndrome,106,
human,35,
human cancer-associated diseases,35,
tumorigenesis,862,
cellular,307,
sensitivity,289,
human cancer-associated diseases ataxia-telangiectasia and Li-Fraumeni syndrome,35,
development,483,
Li-Fraumeni,94,
apoptosis,998,
tumour,740,
myotonic dystrophy,38,
DM,47,
dystrophia myotonica,24,
hereditary,386,
dystrophy,9,
loss of the hypersensitive,944,
DM,267,
adult neuromuscular disease,397,
hereditary adult neuromuscular disease,386,
DM,927,
DM,1394,
dystrophia,24,
Myotonic dystrophy,0,
myotonica,35,
Myotonic,0,
retinoblastoma,73,
RB1,94,
RB1,1194,
RB1,767,
retinoblastoma,108,
RB1,967,
RB1,553,
RB1,130,
RB1,855,
von Hippel-Lindau tumor,4,
clear-cell renal,95,
cell,112,
von Hippel-Lindau disease-associated and sporadic RCCs,178,
von Hippel-Lindau tumor,4,
carcinoma,117,
clear-cell renal cell carcinoma ( RCC,95,
RCC- and von Hippel-Lindau disease-associated tumors,330,
von Hippel-Lindau disease-associated,178,
RCC,1361,
von,1720,
RCC,1750,
von Hippel-Lindau disease,1720,
clear-cell,95,
RCC,633,
clear-cell renal cell carcinoma,95,
von Hippel-Lindau disease and RCC,1720,
RCCs,228,
RCC,129,
leukodystrophy,25,
globoid cell leukodystrophy,12,
Adult onset globoid cell leukodystrophy,0,
disease,48,
Krabbe,41,
Adult onset,0,
globoid,12,
cell,20,
Krabbe disease,41,
diminished GALC activity in their leukocytes,461,
Krabbe disease,120,
adult onset globoid cell leukodystrophy,78,
GLD,1709,
onset of slowly progressive spastic paraplegia,354,
paraplegia,390,
slowly,363,
onset globoid cell leukodystrophy,84,
adult onset globoid cell leukodystrophy ( Krabbe disease ; AO-GLD,78,
progressive,370,
leukodystrophy,103,
AO-GLD,1394,
onset of slowly progressive spastic paraplegia from the middle of the second decade,354,
spastic,382,
AO-GLD,137,
